intersectionId,lat,lon,junctionId,degree
35.94316_139.65717,35.943162,139.657174,1346746834,3
35.94340_139.66017,35.943401,139.66017,1346747016,3
35.94341_139.63682,35.943414,139.636821,1104296195,3
35.94341_139.65795,35.943415,139.657949,cluster_1103421867_7198244986,4
35.94342_139.64910,35.943424,139.649105,4783289216,3
35.94342_139.65290,35.943416,139.652899,1346746023,4
35.94344_139.63963,35.943441,139.639625,10774790708,3
35.94346_139.65022,35.943458,139.650216,cluster_1346777680_7198363028,4
35.94346_139.65628,35.943461,139.656284,1346747213,3
35.94346_139.66108,35.943456,139.661079,1346746006,3
35.94348_139.65082,35.943479,139.650823,1346746694,3
35.94349_139.63833,35.943494,139.638333,8263829757,3
35.94349_139.63880,35.943487,139.638799,1104552644,3
35.94351_139.64367,35.943507,139.643674,1104250897,4
35.94351_139.65549,35.943513,139.655489,7198245138,3
35.94352_139.64723,35.943521,139.647225,4783289223,3
35.94354_139.65417,35.943545,139.654175,10774790670,3
35.94357_139.64534,35.943573,139.645335,1346778185,4
35.94359_139.64335,35.943589,139.643345,1104250906,3
35.94360_139.64836,35.943602,139.648356,4783289217,4
35.94362_139.64678,35.943619,139.646781,1346777612,4
35.94362_139.65947,35.943618,139.659474,1346746287,3
35.94364_139.64951,35.943637,139.649508,1346777831,3
35.94365_139.65670,35.943648,139.656696,1346746461,3
35.94367_139.66043,35.943671,139.660434,8263084414,3
35.94368_139.65061,35.943679,139.650607,7198363030,3
35.94370_139.63933,35.943704,139.639326,cluster_10774790707_1104552879,5
35.94372_139.64084,35.943721,139.64084,1104552776,4
35.94372_139.64281,35.943722,139.642812,cluster_1104250867_1104250916,5
35.94372_139.64920,35.943724,139.649203,1346777910,3
35.94376_139.65694,35.943756,139.656936,1346747069,4
35.94378_139.66054,35.943779,139.660538,1346746594,3
35.94378_139.66115,35.943785,139.661153,cluster_1118842479_4527792043,4
35.94379_139.63849,35.943795,139.63849,245132739,4
35.94382_139.63729,35.943821,139.637291,1346792475,4
35.94382_139.65345,35.943824,139.65345,4779135062,3
35.94383_139.65516,35.943829,139.655163,7198245144,3
35.94385_139.65795,35.94385,139.657951,1105812260,3
35.94389_139.65212,35.943887,139.652119,1346746566,3
35.94390_139.63976,35.943896,139.63976,7781722944,3
35.94390_139.65735,35.9439,139.657348,1346747222,3
35.94391_139.66160,35.943907,139.661597,1105812354,4
35.94392_139.64381,35.943916,139.643814,1346778308,3
35.94393_139.64545,35.943925,139.645445,1346778090,4
35.94393_139.65945,35.943934,139.659446,1118842796,3
35.94396_139.63835,35.943956,139.638345,1346792329,4
35.94397_139.63932,35.943973,139.639325,10774790712,3
35.94397_139.64840,35.943971,139.648403,1346778203,4
35.94400_139.63715,35.944,139.637148,12577187056,3
35.94400_139.64690,35.943999,139.646899,1104497383,3
35.94401_139.66034,35.944015,139.660341,1118842066,3
35.94403_139.64006,35.944031,139.640064,7781722946,3
35.94403_139.64966,35.944027,139.64966,1346778070,3
35.94406_139.63488,35.94406,139.634881,cluster_12408991302_7507161279,4
35.94407_139.65939,35.944074,139.659391,1105812264,4
35.94408_139.64148,35.944075,139.641484,cluster_260547602_3279712433,6
35.94410_139.65015,35.944099,139.650152,7197799752,3
35.94413_139.63867,35.94413,139.638668,12506949965,3
35.94415_139.64348,35.944149,139.643479,1104250904,3
35.94416_139.65397,35.944159,139.653971,1346746143,3
35.94418_139.63570,35.944178,139.635698,11738965720,3
35.94418_139.65454,35.944175,139.65454,cluster_10774790673_7198245177,4
35.94419_139.64986,35.944188,139.649861,1346777861,3
35.94419_139.65495,35.944194,139.654948,7198245142,3
35.94425_139.64743,35.944245,139.647433,4783289224,3
35.94425_139.65633,35.944251,139.656327,1346746726,4
35.94426_139.63930,35.944258,139.639302,1104552570,3
35.94426_139.64392,35.944262,139.643919,1346777946,3
35.94428_139.65275,35.944281,139.652754,cluster_1125946091_1346746604_4779135067_4779135068,4
35.94429_139.64556,35.944291,139.645559,1104497266,4
35.94429_139.65798,35.944291,139.657984,1105812299,4
35.94430_139.64039,35.944297,139.640388,cluster_1104552704_12506955503,4
35.94431_139.64293,35.944306,139.642935,243467108,4
35.94431_139.64905,35.944306,139.649047,cluster_1346778099_8263332484,4
35.94432_139.66101,35.944323,139.661012,1118842504,3
35.94435_139.63947,35.94435,139.639472,7781722943,3
35.94435_139.65327,35.944352,139.65327,4779135064,3
35.94436_139.64701,35.944363,139.647012,1346778179,4
35.94436_139.65347,35.944361,139.653467,4779135058,3
35.94436_139.65367,35.944361,139.653666,1125946175,3
35.94437_139.64978,35.944372,139.649775,1125946200,3
35.94439_139.63795,35.944393,139.637954,1346792344,4
35.94439_139.64510,35.94439,139.645102,1105812293,3
35.94440_139.64194,35.944405,139.641937,245132773,4
35.94442_139.63882,35.944424,139.638824,1104552827,3
35.94451_139.65654,35.944512,139.656537,7198245146,3
35.94452_139.63975,35.944516,139.639751,7781722945,3
35.94452_139.64453,35.944515,139.644526,1105812358,3
35.94452_139.64847,35.944518,139.648468,cluster_1346777802_1346778231,5
35.94452_139.65930,35.944516,139.659303,1105812284,4
35.94455_139.66149,35.944549,139.661492,1105812254,4
35.94458_139.63669,35.944578,139.636686,1346792364,3
35.94460_139.64221,35.944605,139.642212,245132771,3
35.94461_139.63588,35.94461,139.635879,7507161277,5
35.94462_139.64402,35.944625,139.644023,1104250869,4
35.94465_139.65222,35.944652,139.652219,5179209842,3
35.94465_139.65713,35.944647,139.657125,7198245160,3
35.94468_139.64003,35.944681,139.640027,1104552573,4
35.94469_139.63588,35.944688,139.635881,11878540572,3
35.94471_139.64079,35.944708,139.640788,3279712374,3
35.94471_139.65777,35.944708,139.65777,cluster_1105812247_1105812269,4
35.94473_139.63765,35.944725,139.637654,10774790713,3
35.94473_139.64085,35.944734,139.640848,1104497253,3
35.94473_139.64158,35.944734,139.641583,8805092198,3
35.94473_139.64354,35.94473,139.643541,1104250850,3
35.94473_139.65855,35.944727,139.658548,cluster_1105812249_11146717211,4
35.94474_139.63601,35.944744,139.636012,1104296181,4
35.94474_139.64570,35.944738,139.645699,cluster_1104269415_8259504408,5
35.94474_139.65604,35.944738,139.656041,7198245155,3
35.94478_139.63875,35.944779,139.638753,4783289183,3
35.94480_139.64955,35.944797,139.649546,cluster_1346777901_1346778268,5
35.94484_139.63654,35.944835,139.63654,10106798942,3
35.94484_139.64990,35.944842,139.649898,4779135077,3
35.94486_139.64716,35.944857,139.647164,1346778151,4
35.94486_139.64999,35.944857,139.649986,7197799750,4
35.94488_139.64525,35.944876,139.645249,1105812303,3
35.94488_139.64910,35.944883,139.649097,cluster_10774790685_1346777891,4
35.94488_139.65237,35.944883,139.652374,4779135075,3
35.94489_139.65086,35.944892,139.650857,1346746377,3
35.94491_139.65902,35.944913,139.659017,1105812244,4
35.94493_139.65037,35.944929,139.650374,4779135079,3
35.94494_139.63826,35.944943,139.638256,4783289182,3
35.94494_139.64045,35.944935,139.640448,11316418803,3
35.94495_139.65393,35.944954,139.653932,1125946113,3
35.94495_139.65820,35.944951,139.658203,1105812280,3
35.94495_139.66122,35.944947,139.661224,1105812258,4
35.94496_139.65701,35.944964,139.657008,7198245149,3
35.94497_139.66027,35.944975,139.660275,1105812251,3
35.94499_139.64468,35.944991,139.644678,1105812323,3
35.94501_139.63740,35.945006,139.637405,4783289187,4
35.94501_139.64853,35.945009,139.648528,529143526,3
35.94504_139.65622,35.945042,139.656221,7198245154,3
35.94507_139.64122,35.945069,139.641223,1104250842,3
35.94512_139.64799,35.945123,139.647993,1104269454,3
35.94513_139.65805,35.945128,139.658054,7198245174,4
35.94515_139.64583,35.945146,139.645826,1346778272,3
35.94516_139.63636,35.945157,139.636358,1346792424,4
35.94516_139.64327,35.945158,139.643274,3523475306,3
35.94516_139.65472,35.945158,139.654717,7198245199,3
35.94518_139.65814,35.945182,139.658144,1105812345,3
35.94519_139.66073,35.945192,139.660731,1105812347,3
35.94524_139.65847,35.945243,139.658469,1103422056,3
35.94526_139.65873,35.945256,139.658729,1105812349,3
35.94527_139.64729,35.945273,139.647293,1104269360,4
35.94528_139.64819,35.945279,139.648189,1104269342,3
35.94529_139.64037,35.945294,139.640373,1104497223,3
35.94530_139.63504,35.945297,139.635039,cluster_11878540570_11878540576,4
35.94531_139.65510,35.945313,139.655105,7198245195,3
35.94531_139.66096,35.945314,139.660963,4527792053,3
35.94532_139.63927,35.945321,139.639269,1104552732,3
35.94532_139.65088,35.945315,139.650883,4779135076,3
35.94533_139.63380,35.945329,139.633796,11878540578,3
35.94535_139.63509,35.945352,139.635091,10774790717,4
35.94535_139.64221,35.945348,139.642208,245132768,4
35.94539_139.65998,35.945387,139.659984,1105812274,3
35.94540_139.64165,35.945402,139.641651,8805092197,3
35.94540_139.65394,35.9454,139.653937,5179209839,4
35.94541_139.63664,35.945409,139.63664,4783289012,3
35.94541_139.65568,35.945408,139.655675,cluster_7198245196_7198245202,4
35.94544_139.63522,35.94544,139.635222,1346792503,4
35.94545_139.63852,35.945449,139.638521,4783289172,3
35.94545_139.64134,35.945445,139.641337,3523475308,3
35.94547_139.65668,35.945465,139.656683,1104552664,4
35.94551_139.63826,35.945509,139.638262,4783289186,3
35.94555_139.64771,35.945548,139.647708,10774790689,3
35.94555_139.66141,35.94555,139.661412,1105812296,3
35.94556_139.63544,35.945561,139.635436,10774790716,3
35.94556_139.63691,35.945562,139.636906,245132732,4
35.94556_139.64596,35.945559,139.645955,1104269393,4
35.94556_139.64852,35.945563,139.648522,1104269305,4
35.94558_139.64345,35.94558,139.643447,243467111,4
35.94559_139.65984,35.945593,139.659839,8263147443,3
35.94559_139.66043,35.945591,139.660431,1105812277,3
35.94560_139.65822,35.945601,139.658219,1105812327,3
35.94562_139.63909,35.945617,139.639094,1346792790,3
35.94567_139.63582,35.945675,139.635821,cluster_1346793096_4783289016,4
35.94567_139.63996,35.94567,139.639955,1104497333,3
35.94570_139.63963,35.945697,139.639625,8263380193,3
35.94571_139.64053,35.945711,139.640533,260547574,3
35.94571_139.64285,35.945709,139.642855,1104250903,3
35.94571_139.64743,35.945706,139.647427,1104269412,4
35.94572_139.65294,35.945716,139.65294,6139361345,4
35.94573_139.63676,35.945734,139.636755,4783289014,3
35.94574_139.65726,35.945736,139.657264,7198245169,4
35.94576_139.64504,35.945755,139.645035,cluster_10774790700_1105812246,4
35.94577_139.64876,35.945769,139.648763,1104269583,3
35.94578_139.65735,35.945784,139.657353,1105812304,4
35.94578_139.65857,35.945778,139.658573,8263147695,3
35.94579_139.65392,35.945792,139.653924,8155282180,3
35.94584_139.63946,35.945836,139.639464,3279712436,3
35.94586_139.65965,35.945856,139.659655,cluster_1105812335_8263147478,4
35.94587_139.63875,35.94587,139.63875,1346793212,4
35.94588_139.64810,35.945879,139.648098,10774790687,3
35.94589_139.64443,35.945885,139.644426,1104250841,4
35.94591_139.64222,35.945907,139.642219,245132765,4
35.94594_139.63788,35.945938,139.637883,cluster_4783289169_4783289171,4
35.94594_139.64961,35.945942,139.649614,1125946115,4
35.94594_139.65538,35.945941,139.655384,7198245192,3
35.94595_139.66114,35.945946,139.661143,1105812355,3
35.94598_139.63654,35.945976,139.636542,4783289015,3
35.94599_139.64907,35.945988,139.649075,1104269467,4
35.94600_139.64609,35.946005,139.646094,1104269395,4
35.94600_139.65956,35.945996,139.659556,8263147479,3
35.94601_139.65048,35.946012,139.650476,1125946054,3
35.94601_139.66012,35.946006,139.66012,1105812289,3
35.94603_139.64375,35.946029,139.643751,529143524,3
35.94604_139.63554,35.946045,139.635544,4783289011,3
35.94604_139.65792,35.946043,139.657916,1104552739,4
35.94606_139.64009,35.946065,139.640091,1104497243,3
35.94606_139.64754,35.946064,139.647538,1104269455,3
35.94607_139.63924,35.946067,139.639242,1346792328,3
35.94607_139.65685,35.946067,139.65685,7198245167,3
35.94608_139.63849,35.946078,139.638493,cluster_12508620015_4783289175,4
35.94609_139.64310,35.946086,139.643102,10774790701,3
35.94610_139.64566,35.946098,139.645657,12543022637,3
35.94611_139.63758,35.94611,139.637582,11774101411,3
35.94612_139.64152,35.94612,139.641525,1104250849,4
35.94612_139.65695,35.946119,139.656947,1105812363,3
35.94613_139.63957,35.946131,139.639567,cluster_1104497273_1104497389,4
35.94617_139.65817,35.946166,139.658166,8263147696,3
35.94622_139.63467,35.946222,139.634666,4783289121,3
35.94623_139.65718,35.946231,139.657179,1105812322,3
35.94625_139.65951,35.946246,139.659511,cluster_1105812360_7198411350,4
35.94627_139.65333,35.946266,139.65333,8155282206,3
35.94629_139.63932,35.946288,139.63932,3279712402,3
35.94631_139.64761,35.946306,139.647613,cluster_1104269341_1104269490,4
35.94632_139.63378,35.946317,139.633782,cluster_11878514142_11878540583,3
35.94633_139.63738,35.94633,139.637375,4783289168,3
35.94633_139.64455,35.946334,139.644555,1104269546,3
35.94635_139.64078,35.946349,139.640777,247187311,4
35.94636_139.63492,35.946362,139.634921,4783289019,3
35.94636_139.66083,35.946363,139.660834,1105812343,3
35.94637_139.64621,35.946372,139.64621,1104269319,4
35.94639_139.65582,35.946392,139.655821,1346746284,3
35.94640_139.63617,35.946404,139.636166,4783289010,4
35.94640_139.65054,35.946398,139.650539,7197799722,4
35.94640_139.65983,35.946397,139.659826,1105812248,3
35.94641_139.64161,35.946408,139.641608,10774790704,3
35.94643_139.65041,35.946429,139.650406,7197799725,3
35.94645_139.65763,35.946449,139.657632,1105812309,4
35.94646_139.63768,35.94646,139.637683,11774101409,3
35.94648_139.64023,35.946478,139.640231,1104497211,4
35.94649_139.63390,35.946494,139.633903,11878514163,3
35.94649_139.65528,35.94649,139.655281,1346746438,3
35.94652_139.63520,35.94652,139.635198,4783289020,3
35.94653_139.63394,35.946532,139.633935,11878514136,3
35.94655_139.66120,35.946548,139.661205,1105812333,3
35.94658_139.63798,35.946581,139.637979,4783289167,4
35.94660_139.63973,35.946596,139.639728,247187321,3
35.94665_139.64630,35.946653,139.646297,1104269445,4
35.94665_139.64950,35.946651,139.649503,5179199341,4
35.94668_139.63395,35.946684,139.633946,1104269571,4
35.94668_139.64773,35.946681,139.647729,1104269510,4
35.94668_139.65811,35.946678,139.658106,1105812318,3
35.94669_139.64350,35.94669,139.643498,1104250840,3
35.94670_139.64480,35.946698,139.644804,3499480129,4
35.94671_139.63505,35.946714,139.635053,4783289173,3
35.94672_139.65929,35.946717,139.659292,1105812314,4
35.94672_139.66050,35.94672,139.660502,11964995451,3
35.94675_139.65543,35.946752,139.655428,1346746571,3
35.94678_139.63584,35.946776,139.635839,1104296225,3
35.94678_139.64430,35.946784,139.644299,cluster_1104250862_243467116_9387708547,4
35.94684_139.65462,35.946839,139.654617,8155282184,3
35.94688_139.63841,35.946884,139.63841,4783289166,3
35.94688_139.65437,35.946884,139.654374,1346746687,3
35.94689_139.65855,35.946892,139.65855,1105812300,3
35.94690_139.63681,35.9469,139.636808,cluster_4783289009_8268777213,4
35.94690_139.64846,35.946902,139.648462,cluster_1104269584_5179199338,5
35.94691_139.64247,35.946911,139.64247,245132760,4
35.94691_139.65596,35.946912,139.655962,1105812313,3
35.94692_139.63953,35.946919,139.639531,1346792380,3
35.94692_139.66092,35.94692,139.66092,1105812279,3
35.94694_139.65729,35.946938,139.657291,13414151965,3
35.94695_139.64499,35.946945,139.644994,1104269310,3
35.94699_139.64369,35.946987,139.643693,cluster_1104250898_1104250905,4
35.94699_139.64640,35.946987,139.646401,1104269396,4
35.94701_139.65556,35.947008,139.655563,7197799716,3
35.94701_139.65990,35.94701,139.659901,7198411351,3
35.94702_139.65418,35.947023,139.654175,1346746009,4
35.94704_139.63561,35.947038,139.635612,4783289017,3
35.94706_139.63849,35.947058,139.638493,4783289140,3
35.94706_139.64180,35.947055,139.641798,1104250845,3
35.94706_139.64781,35.947063,139.64781,cluster_1103391580_1103391597,4
35.94711_139.65900,35.94711,139.659002,1105812321,3
35.94712_139.63319,35.947124,139.633194,1104296180,3
35.94714_139.65550,35.947139,139.655498,1105812326,3
35.94715_139.65304,35.947145,139.653042,1346747292,3
35.94715_139.65714,35.947148,139.657144,7100634430,3
35.94716_139.65777,35.947163,139.657767,13414151964,3
35.94717_139.63422,35.947174,139.634225,1104269453,4
35.94717_139.65651,35.947173,139.656513,1105812330,3
35.94720_139.63652,35.947199,139.636515,4783289170,4
35.94721_139.64106,35.947214,139.641059,1104250910,4
35.94724_139.64521,35.947245,139.645211,1104269544,3
35.94725_139.63803,35.947251,139.638026,12461404973,3
35.94730_139.65260,35.947297,139.652598,1346746801,3
35.94733_139.63672,35.947325,139.636716,8268777174,3
35.94733_139.64054,35.947326,139.640536,3498341206,4
35.94735_139.64262,35.947346,139.64262,1104250918,4
35.94735_139.66059,35.947353,139.660585,1105812334,4
35.94736_139.65156,35.947361,139.651558,1346746399,3
35.94737_139.65762,35.947369,139.657623,7100634429,3
35.94738_139.63531,35.947383,139.635311,4783289165,3
35.94738_139.64652,35.947378,139.646523,247187282,4
35.94738_139.65481,35.947384,139.654809,3498406911,4
35.94738_139.65600,35.947385,139.655997,11860616908,3
35.94739_139.65358,35.947387,139.653583,1346746590,4
35.94741_139.63901,35.947408,139.639007,4783289139,4
35.94741_139.65962,35.947406,139.659615,7198411352,3
35.94743_139.65492,35.94743,139.654916,1103422010,4
35.94745_139.64002,35.947451,139.640018,245132749,3
35.94747_139.64808,35.947471,139.648078,cluster_1346778269_1346778297,4
35.94748_139.63789,35.947484,139.637886,4783289162,3
35.94748_139.64402,35.947484,139.644019,3499483634,3
35.94749_139.65197,35.947494,139.651972,1346746072,3
35.94750_139.63794,35.947501,139.637937,4783289161,3
35.94752_139.63703,35.947522,139.637029,1346793065,4
35.94752_139.65627,35.947518,139.656269,1105812312,3
35.94753_139.65105,35.947526,139.651051,cluster_1346746611_9251912024,4
35.94753_139.65987,35.947531,139.659874,1105812292,3
35.94755_139.63355,35.94755,139.633552,1346792314,4
35.94757_139.63976,35.947573,139.639758,4783289137,3
35.94759_139.66107,35.947591,139.661073,1103421896,4
35.94761_139.63245,35.947607,139.632447,1346792369,3
35.94762_139.65745,35.94762,139.657447,1105812350,3
35.94763_139.64549,35.947625,139.645492,1104250873,3
35.94763_139.65158,35.947629,139.651581,1346746533,3
35.94764_139.65312,35.947645,139.65312,1346746029,3
35.94766_139.64122,35.947664,139.64122,1104250908,3
35.94771_139.63381,35.947706,139.633814,4783289124,3
35.94771_139.65434,35.947714,139.654339,1346777589,3
35.94772_139.64671,35.947718,139.646712,1346778286,4
35.94773_139.66029,35.947732,139.660291,1105812282,3
35.94774_139.64501,35.94774,139.645008,1103391554,4
35.94774_139.65673,35.947743,139.656727,1105812276,4
35.94775_139.63864,35.947752,139.638639,1346792663,3
35.94776_139.63498,35.94776,139.63498,1104296229,4
35.94777_139.63596,35.947765,139.635961,4783289163,3
35.94777_139.64277,35.947768,139.642766,247187297,4
35.94777_139.65035,35.947774,139.650346,9251912028,3
35.94777_139.65401,35.947773,139.654009,3498406910,3
35.94779_139.65781,35.947795,139.657813,cluster_1105812278_7100634340,4
35.94780_139.64844,35.9478,139.648443,cluster_1103391575_1125946181,5
35.94781_139.65569,35.947814,139.655688,11860616907,3
35.94782_139.65457,35.947816,139.654575,1346778068,3
35.94784_139.63755,35.947836,139.637548,cluster_1104296200_3279712414,6
35.94785_139.66164,35.947852,139.66164,1105812346,4
35.94787_139.64129,35.947874,139.641291,3498341204,3
35.94787_139.64611,35.947873,139.646107,3497173265,3
35.94789_139.63294,35.94789,139.632938,1346793199,3
35.94790_139.64429,35.947901,139.644293,1103373654,4
35.94791_139.64212,35.947913,139.642122,3498556798,3
35.94791_139.65160,35.947908,139.651604,1346746188,3
35.94793_139.64901,35.947928,139.649008,1103391552,3
35.94796_139.65285,35.947963,139.652855,1346746116,4
35.94797_139.63425,35.947973,139.634251,1104296212,3
35.94797_139.64575,35.947966,139.645746,3523499651,3
35.94797_139.65600,35.947969,139.655999,1346777684,3
35.94798_139.65008,35.947978,139.650083,1103338466,3
35.94798_139.65720,35.947976,139.657199,1105812359,3
35.94799_139.63990,35.947992,139.639903,4783289157,3
35.94799_139.64077,35.947994,139.640769,3498341205,3
35.94804_139.65083,35.948041,139.650827,9251912019,3
35.94805_139.64853,35.948048,139.648534,4783289252,3
35.94806_139.63646,35.948062,139.636462,4783289164,3
35.94808_139.65438,35.94808,139.654384,1346777918,3
35.94809_139.63554,35.948094,139.635539,4783289141,3
35.94809_139.64526,35.948091,139.645259,3497173266,3
35.94810_139.65846,35.948102,139.658456,1105812302,3
35.94811_139.64026,35.948113,139.640256,3498341203,3
35.94813_139.65752,35.948134,139.657521,1346793163,3
35.94814_139.63921,35.948137,139.639208,1346792488,3
35.94814_139.64138,35.948143,139.641383,cluster_3497265127_3498533984,4
35.94814_139.65101,35.948136,139.651014,9251912035,3
35.94815_139.64700,35.948146,139.646998,cluster_1346777825_1346778097,4
35.94817_139.63343,35.948172,139.633428,4783289125,3
35.94817_139.65643,35.948175,139.656426,1103421935,4
35.94818_139.63461,35.948184,139.634611,1104296213,4
35.94818_139.63809,35.94818,139.638091,cluster_1346777791_4783289158,4
35.94820_139.64939,35.948201,139.649387,1103391594,3
35.94820_139.65532,35.9482,139.655321,1346777499,3
35.94821_139.64292,35.94821,139.642919,247187294,4
35.94821_139.65347,35.948207,139.653467,3498406908,3
35.94825_139.65582,35.948255,139.655821,1346777982,3
35.94827_139.64000,35.948272,139.640004,4783289155,3
35.94827_139.65780,35.948271,139.6578,cluster_7100623490_7100623493,4
35.94829_139.65352,35.948291,139.653516,1346746524,3
35.94831_139.65034,35.948309,139.650336,1104269526,4
35.94833_139.64625,35.948328,139.64625,1346777820,3
35.94835_139.65981,35.948348,139.659809,11146736595,3
35.94837_139.63703,35.948369,139.637032,8581381525,3
35.94837_139.64226,35.948366,139.642258,3498556797,4
35.94838_139.65261,35.948378,139.65261,1346746706,3
35.94840_139.64880,35.948396,139.648804,1103338451,4
35.94842_139.63387,35.948425,139.633869,1346793145,3
35.94842_139.63609,35.948417,139.636088,1346793087,4
35.94842_139.64088,35.948423,139.640876,3497265129,3
35.94842_139.65571,35.948418,139.655706,1346778033,4
35.94843_139.64466,35.948429,139.644657,1104269347,3
35.94844_139.65414,35.948444,139.654139,cluster_1346777944_1346777970,4
35.94844_139.65916,35.948438,139.65916,1105812338,3
35.94845_139.63148,35.948454,139.631481,1104296170,3
35.94846_139.64068,35.948463,139.640684,1798121955,3
35.94847_139.65819,35.948465,139.658194,1105812287,4
35.94848_139.64302,35.94848,139.643021,3479157898,3
35.94848_139.64724,35.948478,139.647243,4783289253,4
35.94848_139.65090,35.948481,139.650896,9251912036,3
35.94851_139.63516,35.94851,139.63516,1346792397,4
35.94851_139.63934,35.948511,139.639339,cluster_4783289153_4783289156,4
35.94851_139.64094,35.948508,139.640939,1798121959,3
35.94852_139.63765,35.948521,139.63765,4783289150,3
35.94853_139.64152,35.948529,139.641519,1103338467,4
35.94855_139.65114,35.948551,139.651141,9251912039,3
35.94856_139.65812,35.948562,139.658125,7100623491,3
35.94857_139.63170,35.948573,139.631696,11896358671,3
35.94857_139.63841,35.948571,139.638413,4783289148,3
35.94858_139.63061,35.948579,139.630608,11556635744,3
35.94858_139.64695,35.948576,139.646948,10774790694,3
35.94859_139.66029,35.948592,139.660291,1105812259,4
35.94860_139.65130,35.948597,139.651303,9251912037,3
35.94860_139.65612,35.948596,139.65612,cluster_3498484421_3498484422,4
35.94862_139.64113,35.948617,139.641131,245132883,3
35.94862_139.64235,35.948622,139.642348,6068998742,3
35.94863_139.65058,35.948631,139.650581,1103391573,4
35.94864_139.63978,35.948643,139.639782,1104269519,3
35.94864_139.65958,35.948639,139.659581,1105812243,3
35.94865_139.64362,35.948655,139.643618,3498583188,3
35.94867_139.64635,35.948675,139.646347,cluster_3523499654_4783289254,4
35.94868_139.63792,35.948682,139.637925,4783289149,3
35.94868_139.65398,35.94868,139.653981,1346777870,3
35.94869_139.63190,35.948686,139.631901,4783289128,3
35.94869_139.65553,35.948691,139.655533,1346777555,3
35.94870_139.63748,35.948696,139.637476,4783289152,4
35.94872_139.63117,35.94872,139.631167,4783289133,3
35.94872_139.63415,35.948717,139.63415,6742586573,3
35.94873_139.63361,35.948729,139.633611,4783289126,3
35.94873_139.63661,35.948732,139.636613,cluster_1346778166_3279712415,5
35.94874_139.63951,35.948736,139.63951,1104269323,3
35.94874_139.64906,35.948736,139.649062,1104269542,4
35.94874_139.65499,35.948744,139.654989,1346778212,3
35.94876_139.63494,35.94876,139.634941,8268777416,3
35.94876_139.64102,35.948759,139.641019,1798121969,3
35.94877_139.65656,35.948768,139.656556,1105812288,3
35.94879_139.63849,35.948787,139.638488,4783289154,4
35.94881_139.63213,35.948815,139.632134,4783289131,3
35.94882_139.64161,35.948819,139.641614,cluster_1798121972_3479157899,4
35.94883_139.63954,35.948833,139.639536,1104269525,3
35.94883_139.64315,35.948828,139.643147,cluster_1103338456_1104269508,4
35.94884_139.63572,35.948841,139.635717,1346792698,4
35.94884_139.64751,35.94884,139.647515,1103338452,4
35.94887_139.66084,35.948873,139.660838,1105812281,3
35.94888_139.64104,35.948881,139.641039,1798121974,3
35.94888_139.65789,35.948884,139.657894,1105812357,4
35.94892_139.65538,35.948915,139.655378,1346778162,3
35.94893_139.63129,35.948925,139.631286,11896358670,3
35.94893_139.63397,35.948929,139.633968,4783289127,3
35.94893_139.63787,35.948929,139.63787,4783289151,4
35.94894_139.64086,35.948941,139.640857,1798121988,3
35.94895_139.65380,35.948949,139.6538,1346777818,3
35.94895_139.65694,35.948951,139.656937,1105812305,3
35.94897_139.65084,35.948969,139.65084,1103421899,4
35.94900_139.63473,35.949001,139.63473,cluster_6742586572_8268777414,4
35.94901_139.63937,35.949013,139.639366,1104269561,3
35.94901_139.65929,35.949006,139.659294,1105812266,3
35.94904_139.63712,35.949037,139.637122,1346777668,4
35.94906_139.64930,35.949065,139.6493,1103391602,4
35.94907_139.64244,35.949067,139.64244,3498495531,3
35.94907_139.65310,35.949074,139.653105,1103398245,3
35.94908_139.63962,35.94908,139.639623,1104269479,3
35.94909_139.63183,35.949091,139.631828,cluster_4253778430_4783289130,4
35.94909_139.63264,35.949095,139.632642,11896358672,3
35.94913_139.63380,35.949126,139.633797,1346792358,3
35.94915_139.63991,35.949146,139.639908,1104269580,3
35.94916_139.63968,35.949163,139.639677,1104269304,3
35.94916_139.65737,35.949158,139.657367,1105812353,3
35.94917_139.63618,35.949173,139.63618,cluster_1346777965_1346793098_3279712392,4
35.94917_139.64777,35.949171,139.647769,1104269410,4
35.94918_139.63863,35.94918,139.638629,1104296168,4
35.94918_139.64650,35.949181,139.646501,1103398238,4
35.94920_139.63282,35.949195,139.632824,11896358674,3
35.94921_139.64520,35.949211,139.645198,12543022560,3
35.94922_139.64175,35.949218,139.641749,1103373660,4
35.94926_139.65359,35.949264,139.653588,1346777565,4
35.94930_139.63158,35.949298,139.631577,4783289132,3
35.94930_139.65109,35.949296,139.65109,1103391549,4
35.94932_139.65770,35.949319,139.657699,cluster_1105812310_1105812319,4
35.94932_139.66049,35.949317,139.660489,1105812240,3
35.94934_139.63309,35.949343,139.633092,1346793008,3
35.94934_139.64122,35.949342,139.641217,3498500950,3
35.94934_139.65223,35.949338,139.652228,1103398275,4
35.94935_139.65296,35.949347,139.652959,6534864540,3
35.94936_139.64599,35.949357,139.645986,243467121,4
35.94937_139.64531,35.949372,139.64531,12543022522,3
35.94939_139.63772,35.949387,139.637719,1104269366,4
35.94939_139.64039,35.949389,139.640387,8678935523,3
35.94940_139.64956,35.949404,139.649561,1103422084,4
35.94940_139.65898,35.949402,139.658983,1105812256,3
35.94942_139.65249,35.949423,139.652489,2140107765,3
35.94944_139.63434,35.949439,139.634345,1346793019,4
35.94944_139.65340,35.949439,139.653395,cluster_6534864536_6534864539,4
35.94945_139.65501,35.949454,139.655007,1346778283,3
35.94947_139.64070,35.94947,139.640701,1103373653,3
35.94950_139.64802,35.949496,139.648019,1103391600,4
35.94951_139.64674,35.949515,139.646745,1104269582,3
35.94952_139.63295,35.949516,139.632945,1104296192,3
35.94952_139.65281,35.949519,139.652806,cluster_1103398266_3498406905,4
35.94953_139.63969,35.949531,139.639687,cluster_1104296241_8678935524,4
35.94955_139.63238,35.949548,139.632379,cluster_11896358676_1346792828,5
35.94955_139.64543,35.949548,139.645432,1346777805,4
35.94955_139.65546,35.949552,139.655458,1105812342,3
35.94955_139.65652,35.949548,139.656517,1105812344,3
35.94955_139.66096,35.949551,139.660955,1105812263,3
35.94963_139.65135,35.949633,139.651346,1103398272,4
35.94963_139.65357,35.949633,139.653572,7410134415,3
35.94964_139.65947,35.94964,139.659474,1103422002,4
35.94964_139.66024,35.949638,139.660237,1346793128,3
35.94968_139.65461,35.949677,139.654611,1104552671,3
35.94970_139.63192,35.9497,139.631919,1104296205,4
35.94971_139.63574,35.949706,139.635743,cluster_1346777864_3279712430,3
35.94971_139.63881,35.949709,139.638809,1104296208,4
35.94973_139.64347,35.949734,139.643467,3498495529,3
35.94974_139.64981,35.949738,139.649812,1103398251,4
35.94974_139.65590,35.949741,139.655902,1105812336,3
35.94975_139.65696,35.949747,139.656962,1105812297,3
35.94976_139.63491,35.949761,139.634911,1346793210,4
35.94979_139.65490,35.949787,139.654895,cluster_1104552650_1346777801,4
35.94979_139.65865,35.949791,139.65865,1103422007,3
35.94981_139.63322,35.949811,139.63322,1104296178,3
35.94981_139.63402,35.949809,139.634019,13897498618,3
35.94981_139.65747,35.949809,139.657473,1105812294,3
35.94982_139.63831,35.949817,139.638315,8581364804,3
35.94982_139.64052,35.949816,139.640523,1104296147,3
35.94984_139.64828,35.94984,139.648283,1104269506,4
35.94985_139.64699,35.949846,139.646987,1103398264,4
35.94989_139.65628,35.949894,139.656279,1105812285,3
35.94990_139.63704,35.949901,139.637044,1346778059,3
35.94990_139.64438,35.949903,139.644378,1346778260,3
35.94991_139.65520,35.949908,139.655201,1103398237,3
35.94991_139.66002,35.949907,139.660025,1105812329,3
35.94993_139.65366,35.949932,139.653662,6534864533,3
35.94994_139.63171,35.949935,139.631713,5408497353,3
35.94995_139.63771,35.949951,139.637708,1104296152,3
35.94995_139.65159,35.949947,139.651588,1103391605,4
35.94996_139.63074,35.94996,139.630742,4783288773,3
35.94996_139.64274,35.94996,139.642743,3498495530,3
35.94997_139.64576,35.949967,139.64576,1346778175,3
35.94997_139.65489,35.949974,139.654893,12657470605,3
35.95000_139.63385,35.950003,139.633849,13897498616,3
35.95000_139.63671,35.95,139.636714,4783289144,3
35.95000_139.63972,35.949998,139.639724,cluster_1104296211_1346777977,4
35.95000_139.64408,35.949998,139.644082,3498583187,3
35.95001_139.63121,35.950011,139.631206,4783288770,3
35.95002_139.63031,35.950016,139.630315,11734289325,3
35.95002_139.64648,35.950015,139.646483,1103391557,4
35.95004_139.65916,35.950036,139.659163,1103422106,4
35.95006_139.65006,35.950062,139.650063,1104269521,4
35.95007_139.65672,35.950075,139.65672,1105812273,3
35.95008_139.63645,35.95008,139.63645,1346777751,4
35.95008_139.65727,35.950076,139.657268,11964995346,3
35.95009_139.63545,35.950093,139.635452,cluster_1346792383_3279712419_4783289142,4
35.95010_139.63037,35.950098,139.630374,4783288764,4
35.95010_139.63281,35.950103,139.632808,1346793230,3
35.95015_139.62996,35.950152,139.629964,4783288761,3
35.95015_139.64361,35.950153,139.643607,1103338441,4
35.95017_139.63896,35.950172,139.638959,1104296214,4
35.95017_139.64854,35.95017,139.648537,1103422105,4
35.95018_139.64207,35.950178,139.642075,3498495528,4
35.95019_139.64724,35.950191,139.647238,1104269566,3
35.95019_139.65366,35.950186,139.653659,cluster_6534864528_6534864529,4
35.95020_139.63185,35.9502,139.631851,5408497352,3
35.95020_139.64594,35.950197,139.645941,1346778041,4
35.95021_139.65706,35.950211,139.657062,cluster_1105812252_1105812324,4
35.95022_139.63599,35.950219,139.635985,1346777622,3
35.95022_139.65832,35.950216,139.658317,1105812238,3
35.95024_139.65473,35.950244,139.654731,1104552572,3
35.95026_139.64065,35.950263,139.640649,1104269330,3
35.95027_139.63361,35.950271,139.633614,1104296204,4
35.95027_139.66077,35.950268,139.660768,1103421933,3
35.95029_139.63236,35.950288,139.632362,5408497337,3
35.95030_139.63771,35.950298,139.637714,1346778064,3
35.95030_139.65970,35.950302,139.659696,1346778084,3
35.95032_139.62958,35.950319,139.629576,4783288757,3
35.95033_139.63826,35.950331,139.638265,1346777494,3
35.95033_139.65413,35.950333,139.65413,1104552793,3
35.95036_139.64155,35.950361,139.641552,3498500949,3
35.95037_139.64460,35.950367,139.644603,1346778067,4
35.95038_139.63142,35.95038,139.631416,4783288771,4
35.95038_139.64540,35.95038,139.645398,1346777562,3
35.95038_139.65031,35.95038,139.650309,1103398254,4
35.95040_139.65396,35.950398,139.653958,6534864518,5
35.95043_139.63056,35.950428,139.630565,11862535617,3
35.95045_139.65305,35.950446,139.653046,cluster_1104269575_6534864487,4
35.95046_139.62966,35.950462,139.629659,11896266274,3
35.95046_139.63771,35.950461,139.637711,cluster_1104296203_11745791705,4
35.95046_139.63977,35.950463,139.639766,4783289136,3
35.95049_139.63304,35.950492,139.633043,4253778428,3
35.95049_139.64878,35.950488,139.648781,1104269548,4
35.95052_139.63108,35.950517,139.631083,4783288774,4
35.95052_139.63689,35.950517,139.636888,4253778434,3
35.95052_139.64748,35.950525,139.647482,1103398242,4
35.95052_139.65455,35.950524,139.654549,1104552860,4
35.95052_139.66017,35.95052,139.660167,1346778303,3
35.95054_139.65675,35.950544,139.656748,1104552665,4
35.95055_139.63746,35.950549,139.637459,11745791699,3
35.95055_139.64100,35.950554,139.640999,1103338464,3
35.95060_139.65802,35.950604,139.658018,1105812364,3
35.95061_139.63664,35.950607,139.636642,1346778229,4
35.95061_139.64391,35.950608,139.643906,1346777928,4
35.95061_139.64473,35.950609,139.644727,1346778049,4
35.95063_139.64222,35.950627,139.642221,1103338437,4
35.95064_139.64074,35.950639,139.640741,1346777881,3
35.95064_139.65446,35.950637,139.654464,7410134407,3
35.95067_139.63072,35.950668,139.630717,11862535616,3
35.95069_139.64365,35.950692,139.643645,13036554831,3
35.95069_139.64699,35.950694,139.646994,1346777926,4
35.95070_139.63409,35.950698,139.63409,1104296185,4
35.95071_139.65058,35.950714,139.650577,1103398260,4
35.95071_139.65585,35.950705,139.655854,12652446839,3
35.95072_139.66057,35.950717,139.660568,cluster_1346778028_1346778188,4
35.95075_139.63621,35.950747,139.636212,1346777548,4
35.95076_139.65377,35.950758,139.653769,6534864481,3
35.95077_139.63179,35.950767,139.631794,cluster_1346792324_1346792723_4783288772,4
35.95079_139.65378,35.950788,139.653778,6534864479,3
35.95080_139.65932,35.950798,139.65932,1346777845,3
35.95081_139.65994,35.950814,139.65994,1346777710,3
35.95082_139.63035,35.950819,139.630351,cluster_11861672236_4783288759,4
35.95082_139.64904,35.950822,139.649039,1104269427,4
35.95083_139.64492,35.950833,139.644924,4783288908,3
35.95083_139.65150,35.950828,139.651497,cluster_1103398244_1103398258,4
35.95084_139.64406,35.950842,139.64406,cluster_12483869509_529143732,4
35.95084_139.64771,35.950845,139.647715,1104269425,3
35.95085_139.63370,35.950854,139.633704,4783289135,3
35.95085_139.64315,35.950851,139.643154,1346777529,3
35.95087_139.63772,35.950871,139.637715,cluster_1346777837_13651456119,4
35.95087_139.64647,35.950872,139.646471,1346778290,4
35.95091_139.63992,35.950912,139.639921,1346778116,3
35.95092_139.64133,35.950923,139.64133,1103338435,3
35.95094_139.64992,35.950939,139.649915,7099111062,3
35.95095_139.63003,35.950952,139.630031,cluster_4783288755_4783288758,4
35.95095_139.65570,35.950952,139.655696,12652446840,3
35.95096_139.65383,35.950956,139.65383,6534864472,3
35.95097_139.63100,35.95097,139.630997,11782285517,3
35.95097_139.63136,35.950967,139.63136,4783288775,3
35.95097_139.64267,35.950974,139.64267,12435222192,3
35.95097_139.65169,35.950966,139.65169,1346793247,3
35.95097_139.65648,35.950965,139.656483,1104552693,4
35.95097_139.65779,35.950971,139.657792,cluster_1103421904_1104552576,4
35.95097_139.66109,35.950973,139.661093,1346777572,3
35.95099_139.63634,35.950987,139.636336,12577839222,3
35.95099_139.63714,35.950989,139.637135,4783289147,3
35.95101_139.63332,35.951009,139.633324,1346793143,4
35.95101_139.65210,35.951011,139.6521,2140107780,3
35.95102_139.64104,35.95102,139.641042,1103338465,3
35.95102_139.64337,35.951015,139.643365,4783288964,3
35.95103_139.65345,35.951034,139.653447,6534864473,3
35.95103_139.65977,35.951031,139.659771,1346778310,3
35.95104_139.63560,35.95104,139.635595,8264143286,3
35.95106_139.64592,35.951058,139.645922,1346778275,4
35.95106_139.66043,35.951061,139.660425,1346778296,3
35.95107_139.63690,35.951069,139.636896,1346778096,4
35.95107_139.65084,35.951072,139.650845,1103391609,3
35.95109_139.62969,35.951093,139.629689,11861681267,3
35.95109_139.65272,35.951095,139.65272,1346792365,3
35.95110_139.64081,35.951097,139.640814,1104269483,4
35.95111_139.62897,35.951112,139.628965,11861709665,3
35.95111_139.63101,35.951114,139.631005,cluster_11782285515_1346793116,4
35.95111_139.65908,35.951114,139.659079,1346777506,3
35.95112_139.63463,35.951124,139.634634,cluster_1104296146_3279712387,5
35.95112_139.63928,35.951125,139.639281,1104296160,4
35.95112_139.64238,35.951116,139.642381,1346777498,4
35.95115_139.64929,35.951149,139.64929,1104269375,4
35.95118_139.63290,35.951182,139.6329,5408497334,3
35.95118_139.65827,35.951178,139.658268,1103398249,4
35.95119_139.65052,35.951192,139.650524,1103421929,3
35.95119_139.65634,35.951192,139.656342,1104552598,3
35.95120_139.64798,35.951204,139.647977,1104269465,3
35.95121_139.64526,35.951212,139.645261,cluster_1346778024_8261149923,4
35.95121_139.66160,35.951208,139.661597,1346777549,3
35.95123_139.63538,35.951231,139.635375,1346778292,3
35.95123_139.63646,35.951226,139.63646,1346777588,4
35.95125_139.66027,35.951254,139.660274,8261586503,3
35.95128_139.65178,35.95128,139.65178,cluster_1346792476_2140107786,4
35.95129_139.65268,35.951292,139.652676,1346792440,3
35.95131_139.65394,35.951308,139.653938,6534864476,3
35.95132_139.65719,35.951315,139.657191,8261562387,3
35.95133_139.65016,35.951329,139.650158,7099111061,3
35.95134_139.62910,35.951337,139.629098,11861709664,3
35.95134_139.63862,35.951344,139.638623,1346778129,3
35.95136_139.62905,35.951358,139.629048,11861712569,3
35.95136_139.63110,35.951363,139.631098,10599995184,3
35.95136_139.64244,35.951359,139.64244,10786058622,3
35.95137_139.63036,35.951372,139.630361,4783288756,3
35.95137_139.64397,35.951373,139.643965,cluster_1369827033_4783288962,4
35.95137_139.64751,35.951372,139.647506,1346777887,3
35.95138_139.62900,35.951379,139.628996,11861712572,3
35.95139_139.65356,35.95139,139.653558,6534864475,4
35.95139_139.65948,35.951387,139.659483,1346777609,3
35.95143_139.64481,35.95143,139.644809,4783288903,3
35.95144_139.63559,35.951444,139.635591,12577839219,3
35.95145_139.63423,35.951449,139.634231,4783289134,3
35.95146_139.65747,35.951458,139.657466,1104552788,3
35.95148_139.63612,35.951479,139.636123,4783288970,3
35.95149_139.65476,35.951493,139.654758,cluster_6534864471_7410131676,4
35.95150_139.65510,35.951496,139.655103,7410131680,3
35.95151_139.63505,35.95151,139.635047,1346777815,4
35.95151_139.64431,35.951515,139.644314,4783288914,3
35.95152_139.62866,35.951517,139.628663,11860390571,3
35.95152_139.62998,35.951525,139.629979,1346793005,3
35.95152_139.64821,35.951517,139.648205,1104269488,4
35.95152_139.65877,35.951518,139.658772,1104552561,4
35.95154_139.64389,35.951541,139.643894,12455999685,3
35.95154_139.64959,35.951543,139.649587,1103398243,4
35.95155_139.64109,35.951545,139.641092,1346777905,3
35.95156_139.63943,35.951564,139.639435,1104296245,4
35.95156_139.64701,35.951555,139.647007,1346777847,4
35.95157_139.65176,35.951567,139.651759,2140107795,3
35.95160_139.65078,35.951605,139.650782,2140107796,3
35.95161_139.62977,35.95161,139.629765,10600029262,3
35.95162_139.64089,35.951619,139.640886,1346777894,3
35.95163_139.62838,35.951634,139.628379,1346792441,4
35.95163_139.65404,35.951628,139.654036,6534864480,3
35.95164_139.63772,35.951645,139.637719,1346778057,3
35.95166_139.64455,35.951658,139.644547,cluster_1369827040_4783288924,4
35.95167_139.63128,35.951665,139.631278,1346792477,3
35.95167_139.65694,35.951667,139.656938,1104552760,3
35.95168_139.64774,35.951678,139.647741,3497205119,3
35.95168_139.65994,35.951683,139.659939,1346778060,3
35.95170_139.63585,35.951699,139.63585,1346778282,3
35.95172_139.62950,35.951716,139.629501,cluster_11175192096_13133073915_1346793127,4
35.95172_139.64571,35.951721,139.645712,12483869438,3
35.95174_139.62885,35.951741,139.628855,11860390578,3
35.95174_139.63725,35.951737,139.637254,4253778438,3
35.95175_139.64716,35.95175,139.64716,13505747842,3
35.95176_139.63096,35.951764,139.630963,13651447482,3
35.95176_139.64646,35.951755,139.646464,1346778195,4
35.95177_139.65259,35.95177,139.652588,1116474206,3
35.95177_139.65402,35.951767,139.65402,7577043567,3
35.95177_139.65915,35.951765,139.659152,1104552631,3
35.95179_139.65174,35.951786,139.651739,cluster_1346792325_1346792640,4
35.95180_139.64379,35.951796,139.643791,8261106093,3
35.95180_139.65229,35.951796,139.652286,2140107800,3
35.95185_139.63379,35.951847,139.633787,cluster_1346792455_1346792762_3279712386_3279712418,5
35.95188_139.63462,35.951884,139.634617,1346777940,3
35.95188_139.63679,35.951884,139.636795,4253778437,4
35.95188_139.64341,35.951877,139.643409,1369827044,3
35.95189_139.63844,35.951893,139.638441,1346777509,3
35.95189_139.64499,35.951885,139.644989,4783288899,3
35.95189_139.64511,35.951886,139.645113,4783288900,3
35.95189_139.65710,35.951893,139.657102,1104552804,3
35.95191_139.65346,35.951913,139.653456,7577043568,3
35.95193_139.62900,35.951926,139.628996,cluster_11860353566_11878487076,4
35.95193_139.63549,35.95193,139.635491,1346777677,3
35.95194_139.64852,35.951944,139.648516,1103398270,4
35.95194_139.64989,35.951936,139.649895,7197799706,3
35.95195_139.64592,35.951954,139.645919,1346777495,4
35.95195_139.66023,35.951953,139.660233,cluster_1346777949_1346778037,3
35.95198_139.66127,35.951979,139.661268,1346799021,3
35.95200_139.64334,35.951997,139.643338,4783288947,3
35.95200_139.64372,35.952002,139.643724,1369827046,3
35.95201_139.63642,35.952011,139.63642,4783288969,3
35.95203_139.65104,35.952025,139.651038,1103421989,3
35.95203_139.65836,35.952027,139.658365,1104552551,3
35.95205_139.63960,35.952051,139.639595,1346778101,4
35.95206_139.65411,35.95206,139.654108,cluster_13651463012_7410134424,4
35.95207_139.62865,35.952069,139.628649,11734284044,4
35.95207_139.63563,35.952067,139.635629,4783288967,3
35.95207_139.64435,35.952073,139.644355,2140107810,3
35.95208_139.64264,35.952085,139.642637,cluster_2140107806_4783288960,4
35.95211_139.64807,35.952112,139.648065,1103398262,4
35.95211_139.65291,35.952113,139.652905,7577043575,3
35.95212_139.62981,35.952119,139.629813,11878487069,3
35.95213_139.64094,35.952125,139.640939,1346777532,3
35.95213_139.64140,35.952129,139.641399,1346777981,3
35.95214_139.63341,35.952142,139.633411,cluster_1104296236_5408497323_7775952915,5
35.95214_139.63772,35.952141,139.637719,1346777814,4
35.95214_139.64119,35.952139,139.641193,1346778235,3
35.95215_139.62844,35.952154,139.628444,11878487080,3
35.95215_139.63216,35.952149,139.632159,1346793068,3
35.95215_139.64677,35.952147,139.646768,1346777853,3
35.95216_139.64326,35.952163,139.643257,12435222174,3
35.95216_139.64490,35.952161,139.644898,cluster_2140107815_4783288895,4
35.95216_139.65265,35.952164,139.652649,1116474238,3
35.95217_139.65170,35.95217,139.651704,cluster_1346792499_8261076676,4
35.95218_139.63920,35.952182,139.639201,4783288974,3
35.95218_139.64184,35.952177,139.64184,2140107816,3
35.95221_139.63751,35.952214,139.637513,1346777666,3
35.95221_139.64069,35.95221,139.640689,12558365367,3
35.95222_139.62957,35.952217,139.62957,11878487072,3
35.95222_139.63190,35.952224,139.6319,10607974749,3
35.95224_139.65877,35.952243,139.658773,1104552767,3
35.95225_139.63582,35.952254,139.635822,cluster_1346777817_4253778440,4
35.95225_139.64366,35.95225,139.643665,12500904645,3
35.95227_139.66164,35.952265,139.661644,1346799039,3
35.95228_139.64430,35.952283,139.644301,4783288897,3
35.95230_139.64174,35.952296,139.641735,2140107819,3
35.95230_139.64895,35.952302,139.648954,7197799708,3
35.95231_139.65505,35.952313,139.655051,7410131659,3
35.95232_139.65813,35.952318,139.658131,1104552707,3
35.95234_139.64627,35.952337,139.646267,1346778241,4
35.95234_139.65999,35.952341,139.65999,cluster_1104552854_1346777892,4
35.95236_139.63145,35.952363,139.631452,1346793110,4
35.95236_139.63287,35.952361,139.632874,1790765397,4
35.95236_139.64764,35.952356,139.647635,1346778132,4
35.95236_139.65022,35.952363,139.650223,1103421865,4
35.95237_139.63512,35.952373,139.635117,cluster_1346777577_4783288968,4
35.95237_139.63704,35.952374,139.63704,1346777834,4
35.95237_139.64022,35.95237,139.640216,11292399772,3
35.95238_139.63405,35.952384,139.634053,1346777909,3
35.95243_139.65282,35.952431,139.652818,1346792449,3
35.95243_139.65730,35.952433,139.657299,cluster_1103421939_1104552726,4
35.95244_139.63844,35.952436,139.638444,1346778265,3
35.95246_139.65260,35.952458,139.6526,2140107822,3
35.95247_139.63305,35.952466,139.633051,cluster_1346792426_3279712393,5
35.95249_139.64302,35.952486,139.643016,2140107824,3
35.95250_139.64581,35.952501,139.645805,1346778213,3
35.95250_139.65473,35.952499,139.65473,7410134422,3
35.95251_139.65223,35.952509,139.65223,2140107823,4
35.95252_139.62893,35.952523,139.62893,11878487078,3
35.95253_139.63975,35.952527,139.639752,1346778107,4
35.95254_139.64124,35.952541,139.641241,4783288941,3
35.95255_139.65396,35.952546,139.653963,13651445299,3
35.95255_139.66030,35.952552,139.660301,1116473955,4
35.95256_139.65171,35.952557,139.651715,1346792332,4
35.95257_139.64518,35.952574,139.645178,12483869562,4
35.95257_139.64726,35.952575,139.64726,1346777729,3
35.95259_139.63011,35.952593,139.630107,10600065265,3
35.95259_139.65428,35.952594,139.654276,7410134420,4
35.95260_139.63710,35.9526,139.637102,12578221009,3
35.95260_139.64433,35.952597,139.644333,cluster_12435222185_1369827066,3
35.95260_139.66121,35.952597,139.661212,1346778030,3
35.95262_139.63538,35.952619,139.635379,4253778439,3
35.95262_139.65863,35.952623,139.658631,1104552593,3
35.95263_139.64794,35.952626,139.647942,1346777943,3
35.95264_139.63421,35.952644,139.634211,1346777939,3
35.95265_139.63623,35.952649,139.636227,1346777501,4
35.95266_139.63937,35.952657,139.639368,4783288975,3
35.95266_139.64099,35.952658,139.640989,1346778022,3
35.95267_139.63165,35.952665,139.63165,10599976002,4
35.95267_139.65046,35.952668,139.650458,cluster_1346792710_7197799709,4
35.95267_139.66046,35.952666,139.660455,1116474213,4
35.95269_139.64944,35.952687,139.649438,7197799711,4
35.95270_139.64285,35.952702,139.642853,cluster_12455999912_12500321767,4
35.95270_139.65964,35.952699,139.65964,1104552740,3
35.95271_139.64182,35.95271,139.641818,2140107830,3
35.95274_139.65780,35.952738,139.657798,1104552678,3
35.95276_139.63283,35.952765,139.632826,243996773,3
35.95276_139.64067,35.952763,139.640671,12558365370,3
35.95277_139.64357,35.952775,139.643565,4783288921,3
35.95282_139.64682,35.952817,139.646816,1346778093,4
35.95283_139.63252,35.952833,139.632516,10600064685,3
35.95283_139.64390,35.952831,139.643897,4783288920,3
35.95284_139.66156,35.952844,139.661558,1346746263,3
35.95285_139.63562,35.952847,139.635618,1346777840,4
35.95287_139.64212,35.952871,139.642119,cluster_2140107833_2140107837,4
35.95291_139.64138,35.952912,139.64138,cluster_2140107835_2140107838,4
35.95292_139.63541,35.952916,139.635407,8264112194,3
35.95292_139.66079,35.95292,139.660794,1103398256,4
35.95293_139.64592,35.952934,139.645925,1346777900,3
35.95293_139.64886,35.952927,139.648859,1346777878,4
35.95293_139.65308,35.952929,139.653082,1116474616,3
35.95295_139.65828,35.952946,139.658279,cluster_1104552625_1104552719,4
35.95296_139.63134,35.952959,139.631336,11782284492,3
35.95297_139.63657,35.952967,139.636574,12578221011,3
35.95297_139.63845,35.952967,139.638452,1346777654,4
35.95297_139.64635,35.952974,139.646355,cluster_1346777747_1346777806,4
35.95297_139.65925,35.952973,139.659248,5498369889,4
35.95299_139.65070,35.952989,139.650705,2140107841,3
35.95301_139.64986,35.953006,139.649864,7197799710,3
35.95301_139.65685,35.953011,139.656851,5498369886,3
35.95303_139.63304,35.953025,139.633036,1346793220,3
35.95303_139.65193,35.953026,139.651927,2140107840,3
35.95304_139.63983,35.953042,139.639831,1346777717,4
35.95308_139.64713,35.953079,139.647127,1346777798,3
35.95308_139.64845,35.953075,139.648448,1346777579,4
35.95310_139.64264,35.953102,139.642636,2140107843,3
35.95311_139.64353,35.953111,139.643526,12435222184,3
35.95312_139.63152,35.953124,139.631518,10599976003,3
35.95313_139.65712,35.953134,139.65712,1104552653,3
35.95317_139.64104,35.953174,139.641044,1346777759,3
35.95317_139.66040,35.953168,139.660397,1346777906,3
35.95318_139.63253,35.953185,139.632533,12555154851,3
35.95318_139.63714,35.953185,139.637138,1346777860,4
35.95319_139.65961,35.953188,139.65961,1116474501,3
35.95320_139.63455,35.953197,139.634548,1346777546,3
35.95322_139.63203,35.953223,139.632035,1346792913,3
35.95322_139.63771,35.953215,139.637708,1346777603,4
35.95322_139.65889,35.953221,139.658895,1104552605,3
35.95323_139.63314,35.953226,139.633138,11915631656,3
35.95323_139.63603,35.953233,139.636028,1346778309,3
35.95330_139.64298,35.953299,139.642977,12435222177,3
35.95331_139.63124,35.953308,139.63124,11782284491,3
35.95331_139.63422,35.953312,139.634219,12555154728,3
35.95333_139.63135,35.95333,139.631349,10599909155,3
35.95335_139.64257,35.953352,139.642569,cluster_12499752347_2140107848,4
35.95337_139.62879,35.953366,139.628795,cluster_4783288751_4784883577,4
35.95337_139.63563,35.953367,139.63563,8264112193,3
35.95339_139.64346,35.953394,139.643462,12435222182,3
35.95339_139.65102,35.953393,139.651015,2140107849,4
35.95340_139.65778,35.953399,139.657784,1104552756,3
35.95343_139.64752,35.953435,139.647522,1346778281,4
35.95343_139.66072,35.953432,139.660719,1346746777,3
35.95344_139.62923,35.953441,139.629231,11734289269,3
35.95345_139.63538,35.953451,139.63538,10774790720,3
35.95346_139.63990,35.953463,139.639896,cluster_1346777788_4783288985,4
35.95348_139.64108,35.953477,139.641081,4783288987,3
35.95349_139.62951,35.953493,139.629514,cluster_11734260110_11734284043,4
35.95349_139.63066,35.953487,139.630664,10607974758,3
35.95352_139.64897,35.953519,139.648966,2140107852,3
35.95354_139.63845,35.953544,139.638448,cluster_1346777510_1467732200,4
35.95354_139.64341,35.953543,139.643409,cluster_1369827093_4783288929,4
35.95354_139.66086,35.953541,139.660861,8261611492,3
35.95356_139.63656,35.953565,139.636564,1346778271,3
35.95357_139.65322,35.953572,139.653218,2140107853,3
35.95358_139.64402,35.953585,139.644019,cluster_12435222189_1369827098,4
35.95358_139.64440,35.953582,139.644403,cluster_1369827099_1369827100,4
35.95358_139.64475,35.953579,139.644752,12480033435,3
35.95358_139.64513,35.953576,139.645133,1369827103,3
35.95359_139.65053,35.953593,139.650532,1346778191,4
35.95360_139.64708,35.953605,139.647084,1346777886,3
35.95361_139.65284,35.953612,139.652842,2140107854,4
35.95363_139.62892,35.953626,139.62892,4784883574,3
35.95363_139.64203,35.953625,139.642029,12414102711,3
35.95365_139.63009,35.953646,139.630094,cluster_11374668939_4783288737_6150848411,5
35.95365_139.63364,35.953648,139.633642,11915635580,3
35.95366_139.65246,35.953663,139.652459,2140107855,4
35.95366_139.65840,35.95366,139.658403,1104552735,3
35.95369_139.63700,35.95369,139.637003,1346778051,3
35.95371_139.63893,35.953713,139.638929,4783288993,3
35.95371_139.64918,35.953709,139.649179,4783289264,3
35.95371_139.65207,35.953715,139.652067,1346792683,4
35.95372_139.63081,35.953722,139.630808,1346792739,3
35.95373_139.63207,35.953732,139.63207,12577644118,3
35.95373_139.63456,35.953729,139.634557,4783288835,3
35.95377_139.63297,35.953766,139.632972,cluster_12555154847_4783288783,4
35.95377_139.63596,35.95377,139.635959,1346778216,3
35.95377_139.64582,35.953768,139.645818,1369827115,3
35.95377_139.64666,35.953768,139.646663,1346778079,3
35.95378_139.64545,35.95378,139.645447,1369827113,3
35.95379_139.63338,35.953785,139.63338,cluster_1346793077_4783288781,5
35.95379_139.65007,35.953789,139.65007,1346778087,4
35.95379_139.65831,35.953793,139.658312,1104552833,3
35.95380_139.63926,35.953803,139.639262,4783288866,3
35.95380_139.64112,35.9538,139.64112,1369827119,3
35.95380_139.66021,35.953802,139.660211,1346746986,3
35.95381_139.63275,35.953808,139.632749,4783288787,3
35.95382_139.63134,35.95382,139.631342,cluster_10607974755_12396088797,4
35.95382_139.63754,35.953819,139.637542,12555978873,3
35.95384_139.63146,35.95384,139.631455,1346792523,3
35.95386_139.63996,35.953859,139.639957,1346777987,4
35.95387_139.62849,35.95387,139.628487,cluster_11880443450_2142101428,4
35.95388_139.63168,35.953884,139.631682,12577644126,3
35.95389_139.64511,35.95389,139.645111,cluster_1369827112_1369827140,4
35.95389_139.64636,35.953885,139.646358,1346778220,4
35.95390_139.64265,35.953897,139.642649,1369827135,3
35.95390_139.65915,35.953903,139.659155,1346777726,3
35.95392_139.64806,35.953915,139.648063,1346777952,4
35.95393_139.63200,35.953934,139.631998,cluster_1346792445_3279712428,6
35.95395_139.63032,35.953946,139.630321,6150848413,3
35.95397_139.64167,35.953971,139.641668,2140107858,3
35.95397_139.64947,35.953972,139.649473,1346778031,4
35.95398_139.65134,35.953979,139.651344,247187264,4
35.95398_139.65609,35.953984,139.656089,5498369909,3
35.95399_139.63414,35.953989,139.634141,1346792495,4
35.95400_139.64428,35.954005,139.644282,1369827138,3
35.95400_139.65992,35.954001,139.659916,1346746712,3
35.95401_139.64263,35.954008,139.642626,1369827141,3
35.95401_139.64589,35.954008,139.645895,1346778256,3
35.95402_139.63812,35.954017,139.638125,cluster_12414114334_12500009446,4
35.95403_139.62871,35.954027,139.628712,4784883576,4
35.95403_139.63358,35.954034,139.63358,10580775053,3
35.95404_139.65645,35.954039,139.656448,7170811612,3
35.95407_139.63636,35.954066,139.636358,4783288827,3
35.95407_139.66058,35.954071,139.660575,3558920450,3
35.95409_139.64386,35.954088,139.643856,12560715516,3
35.95409_139.64760,35.954091,139.647598,1346778291,3
35.95410_139.64819,35.954096,139.648188,4783289265,3
35.95411_139.64007,35.954113,139.640068,1346778233,4
35.95411_139.65879,35.954107,139.658787,1346777632,3
35.95412_139.63496,35.95412,139.634958,4783288834,3
35.95412_139.64322,35.95412,139.643219,cluster_12447062896_1369827149,4
35.95412_139.65099,35.954118,139.650988,1104250912,3
35.95415_139.64250,35.954147,139.642497,4783288887,3
35.95415_139.65872,35.954149,139.658719,8261611330,3
35.95420_139.63910,35.954197,139.639098,cluster_12500009441_4783288867,4
35.95420_139.63979,35.954202,139.639788,4783288868,3
35.95420_139.65413,35.954203,139.654135,1116473980,3
35.95421_139.62897,35.954212,139.628965,6150848416,4
35.95421_139.65570,35.954207,139.655702,7479618732,3
35.95423_139.64510,35.95423,139.645101,1369827169,3
35.95424_139.63441,35.954243,139.63441,10774790723,3
35.95424_139.65856,35.95424,139.658562,8261611333,3
35.95426_139.64601,35.954263,139.646012,1369827165,3
35.95426_139.65948,35.954258,139.659483,1346746589,3
35.95427_139.63663,35.954271,139.636633,1346777874,3
35.95428_139.63070,35.954285,139.630702,4783288735,3
35.95428_139.64833,35.954283,139.648326,cluster_1346778042_2140107860,4
35.95430_139.63342,35.954296,139.633424,10580775051,3
35.95430_139.64237,35.9543,139.642374,cluster_1369827176_2140107862,4
35.95432_139.63179,35.954316,139.631792,1369827167,3
35.95432_139.64016,35.954323,139.64016,12599758415,3
35.95433_139.63848,35.954334,139.638477,4783288886,3
35.95433_139.64696,35.954334,139.64696,1346777699,4
35.95433_139.65602,35.95433,139.656025,1116474402,3
35.95434_139.64422,35.95434,139.64422,1369827172,3
35.95436_139.64316,35.954357,139.643159,12447062886,3
35.95436_139.64990,35.954355,139.649902,1346777869,3
35.95437_139.64234,35.954367,139.64234,4783288890,3
35.95438_139.65219,35.954376,139.652189,1346793059,3
35.95438_139.66006,35.954378,139.660057,3558920449,3
35.95439_139.66100,35.954389,139.661,3558920448,3
35.95440_139.64379,35.954396,139.643789,1369827174,3
35.95441_139.64553,35.95441,139.645531,1369827181,3
35.95442_139.63048,35.954422,139.630476,cluster_11878403426_1346792545,4
35.95444_139.63335,35.954444,139.633351,10580775050,3
35.95444_139.64775,35.954443,139.647752,cluster_1346777645_2140107869,4
35.95445_139.63215,35.954453,139.632149,11915631667,3
35.95445_139.64213,35.954449,139.642134,4783288978,3
35.95445_139.65589,35.954448,139.655889,7198236107,3
35.95446_139.63422,35.954463,139.634216,cluster_10774790722_4783288802,4
35.95446_139.64662,35.954456,139.646618,1346778127,3
35.95448_139.64206,35.954482,139.642064,7197799687,3
35.95449_139.64313,35.954488,139.643125,1369827189,3
35.95449_139.64846,35.954487,139.648462,2140107871,3
35.95449_139.65906,35.954486,139.659057,8261611331,3
35.95450_139.63868,35.954496,139.638683,12500009424,3
35.95452_139.63826,35.954519,139.638261,12500009422,3
35.95452_139.64117,35.954521,139.641171,4783288873,3
35.95453_139.64340,35.954528,139.643402,12113836105,3
35.95454_139.65167,35.954536,139.651667,1104250907,4
35.95455_139.63241,35.954554,139.632414,cluster_11915635569_11915635571,4
35.95455_139.64354,35.954547,139.643539,12113836103,3
35.95455_139.64509,35.954553,139.645095,1369827196,4
35.95456_139.63071,35.954558,139.630713,1369827197,3
35.95457_139.63022,35.954573,139.630225,4784883568,3
35.95457_139.64186,35.954566,139.641859,1369827204,3
35.95458_139.64375,35.954577,139.643749,1369827200,3
35.95460_139.64617,35.954598,139.646166,1369827207,3
35.95460_139.65135,35.954604,139.651354,1104250847,3
35.95460_139.65371,35.954598,139.65371,1116474671,3
35.95461_139.65560,35.954615,139.655599,6434350899,3
35.95461_139.66014,35.954608,139.660137,10698921212,3
35.95461_139.66129,35.954609,139.661289,1346746289,3
35.95463_139.63887,35.954634,139.638868,4783288857,3
35.95463_139.64167,35.954626,139.641671,1369827206,3
35.95466_139.64713,35.95466,139.647128,1346777553,3
35.95467_139.63809,35.954667,139.638087,12500009420,3
35.95467_139.64475,35.954668,139.644753,2140107874,3
35.95467_139.64788,35.954672,139.647877,2140107875,3
35.95468_139.63392,35.954682,139.633925,10580775055,3
35.95469_139.63099,35.954686,139.63099,cluster_11782279242_11861671532,4
35.95469_139.63277,35.95469,139.632768,11915635573,3
35.95469_139.64022,35.954689,139.640222,cluster_4783288878_4783288984,4
35.95469_139.64672,35.954687,139.646723,1369827215,3
35.95473_139.62996,35.954729,139.629964,4784883571,4
35.95473_139.63054,35.954727,139.630539,4784883569,3
35.95474_139.64387,35.95474,139.643875,12560715511,3
35.95475_139.64863,35.954747,139.648634,1346777563,4
35.95476_139.62962,35.954755,139.629622,4784883573,3
35.95476_139.65767,35.95476,139.657668,3498314265,3
35.95480_139.63305,35.954799,139.633052,10580775058,3
35.95481_139.63978,35.954814,139.639783,4783288881,3
35.95482_139.65066,35.95482,139.650662,1104250914,4
35.95484_139.63132,35.95484,139.631323,3279712432,3
35.95484_139.66027,35.954843,139.66027,3558920447,3
35.95485_139.66092,35.954852,139.660917,3498314273,3
35.95486_139.63639,35.954856,139.636392,4783288812,3
35.95486_139.64230,35.954856,139.642299,cluster_11745725012_7197799692,4
35.95487_139.62973,35.954873,139.629726,cluster_1790765400_2142101444,4
35.95487_139.65352,35.95487,139.65352,2140107877,3
35.95487_139.65970,35.954873,139.659698,1346747014,3
35.95488_139.63680,35.954883,139.636798,1104296199,3
35.95489_139.63329,35.954891,139.633293,2142101443,3
35.95489_139.64341,35.954885,139.643407,12447062815,3
35.95489_139.64630,35.954886,139.646304,1369827233,3
35.95489_139.64801,35.954889,139.648012,cluster_1346777560_2140107878,4
35.95489_139.65186,35.954886,139.651863,247187261,3
35.95491_139.64547,35.954907,139.645465,1369827227,3
35.95492_139.63034,35.954921,139.630339,4784883570,3
35.95492_139.64104,35.95492,139.64104,12499737040,3
35.95494_139.63616,35.954944,139.63616,4783288805,4
35.95494_139.65634,35.954941,139.656342,7198236111,3
35.95495_139.65021,35.954951,139.650205,1346777877,4
35.95495_139.65306,35.95495,139.653057,1116474193,3
35.95496_139.64052,35.954957,139.64052,12499737046,3
35.95497_139.63841,35.954972,139.638414,4783288848,3
35.95498_139.64736,35.954981,139.647359,cluster_12196234563_1369827244,4
35.95498_139.65730,35.954975,139.657297,7170811611,3
35.95499_139.63356,35.954986,139.633558,cluster_10580775056_2142101445,4
35.95500_139.65530,35.955001,139.655301,13441863460,3
35.95501_139.63518,35.955011,139.635178,4253775804,4
35.95502_139.64400,35.955017,139.644002,cluster_12455999198_1369827246,4
35.95503_139.63681,35.955031,139.636805,4783288808,4
35.95504_139.63861,35.955044,139.638609,4783288838,3
35.95504_139.64501,35.955044,139.645012,5308070545,3
35.95505_139.62943,35.955051,139.629434,1369827248,3
35.95505_139.63605,35.955047,139.636052,cluster_4783288807_4783288826,4
35.95506_139.65543,35.955056,139.655426,13441863459,3
35.95510_139.63015,35.955105,139.630149,1790765401,3
35.95510_139.64691,35.955095,139.646909,1369827256,4
35.95510_139.64813,35.955102,139.64813,12196234562,3
35.95510_139.66053,35.955103,139.66053,1346746445,3
35.95511_139.62954,35.955106,139.629545,4784883620,3
35.95512_139.63756,35.955115,139.637562,cluster_11361727981_4783288853,3
35.95513_139.64301,35.955134,139.643006,12196534277,3
35.95513_139.65334,35.955126,139.653341,1116473911,3
35.95514_139.63117,35.955145,139.63117,cluster_1369827261_3279712412,5
35.95514_139.64083,35.955136,139.640833,1369827258,4
35.95515_139.63496,35.955153,139.634961,cluster_4783288790_4783288800,4
35.95515_139.64574,35.955151,139.645743,1369827264,4
35.95517_139.64949,35.955174,139.649487,1346777641,3
35.95518_139.65266,35.95518,139.652664,1116474448,4
35.95519_139.63396,35.955191,139.63396,cluster_11915635578_1369827247,4
35.95519_139.63902,35.95519,139.639021,7799189816,3
35.95522_139.65687,35.955221,139.656871,3497105776,3
35.95523_139.65910,35.955226,139.659098,cluster_1346746310_1346746610,4
35.95523_139.66127,35.955226,139.661268,1468756578,3
35.95524_139.62911,35.955235,139.62911,11861769548,3
35.95524_139.63657,35.955239,139.636569,4783288804,3
35.95525_139.64560,35.955246,139.645598,12479747138,3
35.95525_139.65812,35.955249,139.658121,3498314266,3
35.95526_139.63479,35.955262,139.634794,10774790725,3
35.95528_139.62989,35.955275,139.62989,cluster_1369827269_4784883565,4
35.95528_139.64412,35.955277,139.644117,2140107884,3
35.95528_139.64822,35.955277,139.648223,1346778038,3
35.95530_139.66134,35.955299,139.661336,1346746367,3
35.95531_139.64901,35.955311,139.649012,1346777826,4
35.95531_139.65368,35.955307,139.653678,1116474086,3
35.95532_139.63164,35.955316,139.631636,cluster_4784883555_4784883564,4
35.95533_139.65566,35.955326,139.655661,13441863458,3
35.95533_139.65669,35.955329,139.656689,7198236106,4
35.95534_139.66014,35.955339,139.660144,1346746459,3
35.95535_139.64061,35.955349,139.640605,12414150235,3
35.95537_139.63642,35.955373,139.636417,cluster_4783288806_8441789714,4
35.95537_139.63969,35.95537,139.63969,4783288844,3
35.95537_139.65101,35.955365,139.65101,243467146,3
35.95539_139.65227,35.955388,139.652265,1116474120,4
35.95540_139.63185,35.955399,139.631853,4784883562,3
35.95540_139.64295,35.955405,139.642952,cluster_12113813252_2140107886,4
35.95540_139.64536,35.955405,139.645356,1369827276,3
35.95540_139.65044,35.955397,139.650436,1346778086,3
35.95542_139.63190,35.955415,139.631895,4784883557,3
35.95542_139.63561,35.955418,139.635606,4253775805,3
35.95543_139.62877,35.955427,139.628774,1369827279,4
35.95543_139.63454,35.95543,139.634536,1369827275,3
35.95543_139.64227,35.955432,139.642269,7197799691,3
35.95544_139.64864,35.955439,139.648643,12499752042,3
35.95545_139.63397,35.955454,139.633966,11915635575,3
35.95545_139.63808,35.95545,139.638076,cluster_11361727982_4783288841,4
35.95548_139.65022,35.95548,139.650217,4783289259,3
35.95549_139.63209,35.955489,139.632086,4784883560,3
35.95551_139.66154,35.955508,139.661541,3498314274,3
35.95552_139.65836,35.955516,139.658364,3498314269,3
35.95554_139.64710,35.95554,139.647104,1369827288,3
35.95556_139.64650,35.955561,139.646501,1369827291,3
35.95557_139.64839,35.955569,139.648386,cluster_2140107889_7197799672,4
35.95559_139.63571,35.955594,139.635708,4253775807,3
35.95559_139.63701,35.955588,139.637007,1104296145,4
35.95561_139.64443,35.955614,139.64443,12113836279,3
35.95561_139.65845,35.955612,139.658452,3498314264,3
35.95564_139.63248,35.95564,139.632481,11657363831,3
35.95564_139.64294,35.955635,139.642937,2140107892,3
35.95565_139.65059,35.955649,139.650592,4783289261,3
35.95566_139.62838,35.955661,139.628382,cluster_11880243135_1798114988,4
35.95566_139.63076,35.955661,139.630755,3279712423,3
35.95566_139.64032,35.955656,139.64032,1369827308,4
35.95566_139.64975,35.95566,139.649754,2140107893,4
35.95566_139.65254,35.955657,139.652543,3500403717,3
35.95566_139.65611,35.955662,139.656107,247187243,3
35.95567_139.63560,35.955673,139.635602,4253775809,3
35.95569_139.63426,35.955687,139.634262,1369827305,3
35.95570_139.63264,35.955699,139.632635,2142101463,3
35.95570_139.64111,35.955702,139.641112,12414150234,3
35.95574_139.63597,35.955737,139.635971,cluster_10580775062_1369827294,4
35.95574_139.64676,35.955736,139.646759,12196168043,3
35.95575_139.64714,35.955749,139.647143,12196168040,3
35.95577_139.65947,35.955772,139.659466,1346746797,3
35.95578_139.64769,35.95578,139.647688,12116461239,3
35.95579_139.65410,35.955789,139.654098,7170806082,3
35.95580_139.62863,35.955798,139.62863,4784883619,3
35.95580_139.65574,35.9558,139.655736,cluster_1346792299_7198236109,4
35.95581_139.63997,35.955806,139.639967,2140107897,3
35.95582_139.64927,35.955824,139.649269,2140107898,4
35.95582_139.65144,35.955819,139.651444,1346778048,4
35.95583_139.63621,35.955833,139.636208,1369827292,4
35.95583_139.65074,35.95583,139.650736,12499752272,3
35.95584_139.63469,35.955839,139.634687,cluster_1369827310_1369827319_4253775814,5
35.95585_139.63671,35.955849,139.636705,cluster_1369827320_8441835617,4
35.95585_139.66048,35.955846,139.660483,1346747308,3
35.95586_139.64525,35.955862,139.64525,cluster_12480030988_12480030990,4
35.95587_139.65537,35.955867,139.655371,7198236119,3
35.95588_139.64294,35.955884,139.642936,2140107901,3
35.95589_139.65314,35.955887,139.653137,1116474014,3
35.95589_139.65462,35.955889,139.654621,cluster_13441863477_4783289276,4
35.95590_139.64346,35.955902,139.643457,12089008775,3
35.95590_139.65504,35.955899,139.655036,1346792384,3
35.95591_139.65216,35.95591,139.652163,3500403720,3
35.95592_139.62888,35.955916,139.628881,cluster_11745724645_2142101468,4
35.95592_139.63120,35.955916,139.631195,10580775046,3
35.95592_139.64382,35.955916,139.643816,2140107903,3
35.95592_139.65480,35.955916,139.6548,13441877667,3
35.95595_139.63889,35.955949,139.63889,5308070561,3
35.95595_139.64615,35.95595,139.646152,cluster_12196234282_12486141800,4
35.95597_139.63331,35.955974,139.633306,11657363833,3
35.95597_139.63732,35.955974,139.63732,cluster_1104296235_11745791693_1369827329_4783288864,5
35.95598_139.64716,35.955983,139.647162,7197799666,3
35.95599_139.63059,35.955986,139.630587,cluster_1369827327_3279712404,5
35.95602_139.63572,35.956018,139.635721,10580775064,3
35.95602_139.64086,35.956018,139.640859,12414150233,3
35.95604_139.65450,35.956043,139.654497,13441877663,3
35.95606_139.63643,35.956059,139.63643,1369827337,3
35.95607_139.62921,35.956071,139.629213,2142101470,4
35.95607_139.65477,35.956068,139.654768,13441877677,3
35.95608_139.63921,35.956084,139.639206,cluster_11745725003_11745725006,4
35.95609_139.65093,35.956087,139.65093,1346777999,4
35.95609_139.65396,35.956094,139.653957,7170806081,3
35.95610_139.64510,35.956096,139.645095,1369827338,4
35.95612_139.65466,35.956118,139.654656,13441877664,3
35.95613_139.64293,35.956128,139.642925,12079915830,3
35.95613_139.65175,35.95613,139.651755,cluster_3500403718_7799177095,4
35.95613_139.65442,35.956133,139.654424,13441877670,3
35.95614_139.63608,35.956137,139.636079,cluster_10580775065_10580775069,4
35.95615_139.63102,35.956145,139.63102,10580775047,4
35.95616_139.63775,35.956162,139.637747,11745725030,3
35.95617_139.65744,35.956175,139.657442,7198236104,3
35.95618_139.65983,35.956176,139.659832,cluster_1346746004_1346746792_1468756581,6
35.95619_139.64123,35.956194,139.641233,2140107913,3
35.95619_139.64388,35.956185,139.643882,7197799660,3
35.95619_139.64597,35.956186,139.645974,12196234652,3
35.95620_139.64711,35.956199,139.647108,12196168106,3
35.95620_139.64867,35.956196,139.648667,cluster_1346777927_2140107908,4
35.95621_139.63390,35.956211,139.633897,1369827346,3
35.95621_139.63796,35.956212,139.637959,2140107914,3
35.95623_139.62955,35.95623,139.629552,cluster_10580775041_11745724647,4
35.95625_139.63131,35.956252,139.631314,4784884023,3
35.95626_139.64140,35.956257,139.641404,1369827348,3
35.95626_139.65511,35.956263,139.655106,cluster_7170806084_7198236122,4
35.95626_139.65600,35.956261,139.655998,7198236102,3
35.95629_139.64428,35.956292,139.644281,7197799592,3
35.95630_139.65052,35.956296,139.650516,cluster_11964939966_3558943793,3
35.95632_139.64671,35.956324,139.646711,5308070556,3
35.95632_139.65655,35.956324,139.656553,1346792497,3
35.95633_139.62977,35.956332,139.629769,10580775043,3
35.95634_139.64163,35.956337,139.64163,2140107918,4
35.95635_139.63673,35.956348,139.636726,cluster_10580775068_1369827357,4
35.95636_139.63160,35.95636,139.631598,4784883553,3
35.95636_139.64490,35.956356,139.644897,7197799694,3
35.95637_139.64179,35.95637,139.641792,11745725010,3
35.95637_139.65712,35.956367,139.657119,1346746233,3
35.95639_139.64702,35.956386,139.647023,12196168078,3
35.95639_139.64837,35.956394,139.648367,1346778192,3
35.95640_139.63840,35.956404,139.638403,cluster_9904162202_9904162209,4
35.95641_139.64200,35.956411,139.642,12027171907,3
35.95644_139.64581,35.956438,139.645806,cluster_1369827358_1369827370,4
35.95645_139.64223,35.956451,139.642234,1369827365,3
35.95646_139.64485,35.95646,139.644853,1369827374,3
35.95648_139.63968,35.956482,139.639679,2140107929,3
35.95648_139.64801,35.95648,139.648015,7197799678,3
35.95648_139.65018,35.95648,139.650184,1346777854,4
35.95650_139.64784,35.956501,139.647839,12116461235,3
35.95650_139.65615,35.956503,139.65615,cluster_1346746156_7198236123,4
35.95651_139.64625,35.956513,139.646249,7197915282,3
35.95652_139.63016,35.956516,139.630163,3279712431,3
35.95656_139.64480,35.956562,139.644802,7197799597,3
35.95658_139.63217,35.956577,139.632166,cluster_11642014828_1369827368,4
35.95658_139.64666,35.956575,139.646656,5308070554,3
35.95659_139.63375,35.956593,139.633754,1981027416,3
35.95659_139.64692,35.956593,139.646921,cluster_12079783055_2140107936,4
35.95659_139.65222,35.956593,139.652217,243467154,3
35.95659_139.65594,35.956593,139.655938,3523637724,3
35.95662_139.63701,35.956622,139.637006,1981027415,3
35.95663_139.63507,35.956625,139.635073,cluster_1981027413_1981027417,4
35.95664_139.64417,35.956635,139.644168,7197799594,3
35.95665_139.63865,35.956649,139.638654,cluster_9904162200_9904162210,4
35.95665_139.64391,35.956654,139.643908,7197799663,3
35.95666_139.64457,35.956659,139.644569,7197799596,3
35.95667_139.65676,35.956673,139.656763,cluster_247187242_7198236125,4
35.95668_139.63243,35.956684,139.632426,6150849567,4
35.95668_139.63372,35.956683,139.63372,10580775092,3
35.95671_139.64166,35.956713,139.64166,7197799656,3
35.95671_139.64976,35.956708,139.64976,1346777888,4
35.95671_139.65794,35.956709,139.657944,1346746402,3
35.95673_139.65520,35.956732,139.655197,1346746645,4
35.95674_139.64293,35.956736,139.642933,1369827376,3
35.95674_139.64437,35.956737,139.644365,12079763380,3
35.95674_139.64480,35.956735,139.6448,12089008533,3
35.95677_139.64690,35.956769,139.646898,2140107946,3
35.95678_139.63003,35.956784,139.630027,cluster_4784884045_4784884046,5
35.95680_139.65263,35.956804,139.652633,5308070543,3
35.95681_139.64657,35.956805,139.64657,7197915284,3
35.95683_139.65640,35.95683,139.656401,7198236126,3
35.95684_139.63109,35.956845,139.631094,4784884031,3
35.95685_139.64642,35.956851,139.646421,2140107947,3
35.95686_139.63365,35.956858,139.633651,10580775090,3
35.95687_139.63726,35.956869,139.637259,1369827390,3
35.95687_139.65295,35.956868,139.652946,1346792624,3
35.95687_139.65449,35.956869,139.654488,1346746468,4
35.95689_139.64616,35.956886,139.646159,cluster_2140107951_7197915283,4
35.95691_139.63892,35.956906,139.638915,cluster_1104296249_9904162212,4
35.95692_139.65612,35.956916,139.656124,cluster_7198236127_7198236129,4
35.95694_139.63362,35.956941,139.63362,4784883920,3
35.95694_139.63569,35.956936,139.635692,1981027424,3
35.95695_139.64480,35.956954,139.644798,1369827419,3
35.95697_139.64862,35.956966,139.648624,12085098436,3
35.95698_139.65170,35.956979,139.651697,cluster_1369827400_5922748733,4
35.95699_139.63048,35.956993,139.630482,4784884044,3
35.95699_139.65393,35.956991,139.65393,cluster_13441877699_247187251_7198236132,4
35.95700_139.63324,35.957003,139.633236,4784884022,3
35.95700_139.64303,35.957004,139.643031,cluster_12027171762_529143725,4
35.95701_139.64582,35.957014,139.645816,7197799649,3
35.95701_139.64918,35.95701,139.649182,1369827407,3
35.95705_139.62889,35.957047,139.628893,4784883830,3
35.95705_139.63128,35.95705,139.631278,cluster_11642014809_11642014810,4
35.95705_139.64452,35.957051,139.644523,12079763382,3
35.95706_139.64556,35.957063,139.645559,7197799648,3
35.95706_139.64703,35.95706,139.647034,8282334876,3
35.95708_139.65819,35.957083,139.658187,1468756584,3
35.95709_139.63073,35.957094,139.63073,4784884040,3
35.95710_139.63356,35.957097,139.63356,cluster_1369827406_1369827412,4
35.95710_139.63749,35.957097,139.637491,1981027431,3
35.95711_139.65537,35.957111,139.655372,1346747156,4
35.95713_139.64543,35.957128,139.645427,11818343540,3
35.95715_139.64490,35.957154,139.644897,11818343484,3
35.95716_139.63088,35.957157,139.630885,4784884032,3
35.95716_139.65278,35.957161,139.652782,cluster_1346792700_1346793076,4
35.95716_139.65701,35.957155,139.657006,247187241,3
35.95718_139.63624,35.957181,139.636238,1369827415,4
35.95720_139.63920,35.9572,139.639198,cluster_1369827416_5215699154,4
35.95721_139.63393,35.957211,139.633932,10580775088,3
35.95722_139.62928,35.957219,139.629278,11745724652,3
35.95723_139.63106,35.957229,139.63106,cluster_11642014808_4784884038,4
35.95723_139.64198,35.957229,139.641979,cluster_12027171578_1369827435_2140107970,5
35.95724_139.65254,35.957241,139.652538,7198236138,3
35.95727_139.63410,35.957273,139.6341,cluster_10580775085_4784883912,4
35.95727_139.65132,35.957273,139.651316,3558941292,4
35.95728_139.65208,35.957277,139.652079,5922748732,3
35.95729_139.65636,35.957291,139.656362,cluster_3523637702_7198236130,4
35.95732_139.63128,35.957318,139.63128,4784884043,3
35.95732_139.63655,35.957319,139.636554,1981027435,3
35.95733_139.63345,35.957327,139.633447,1369827447,3
35.95733_139.63614,35.957325,139.636137,10580775070,3
35.95734_139.65442,35.957337,139.654415,1346746807,4
35.95735_139.63775,35.957348,139.637749,1369827445,3
35.95735_139.64498,35.957353,139.644985,cluster_11818293734_7197799653,4
35.95736_139.63433,35.957359,139.63433,10580775084,3
35.95737_139.62962,35.957373,139.62962,cluster_1369827432_3279712429,5
35.95739_139.65226,35.957392,139.652258,7198236139,3
35.95739_139.65383,35.957385,139.653833,1346792532,3
35.95740_139.65112,35.9574,139.651115,1369827444,3
35.95742_139.63154,35.957418,139.631539,4784884030,3
35.95742_139.63935,35.957421,139.639352,9904162215,3
35.95743_139.63450,35.95743,139.634498,1981027438,3
35.95743_139.63607,35.957426,139.636067,1981027439,3
35.95743_139.64655,35.957427,139.646547,8282334879,3
35.95745_139.65552,35.957445,139.655515,1346746360,4
35.95746_139.63687,35.957458,139.636874,1369827472,4
35.95751_139.63790,35.957512,139.637902,7503069441,3
35.95753_139.63182,35.957525,139.631818,4784884028,3
35.95754_139.63806,35.957543,139.638062,7503069461,3
35.95754_139.64322,35.957541,139.643223,1369827467,4
35.95754_139.65089,35.957538,139.650892,1369827457,3
35.95756_139.63321,35.957559,139.633212,4784883916,3
35.95757_139.64099,35.957566,139.640989,9904163220,3
35.95758_139.63716,35.957581,139.637157,cluster_1369827456_1981027441,4
35.95760_139.63678,35.957603,139.636777,10580775071,3
35.95762_139.63207,35.957624,139.632073,4784884025,4
35.95763_139.63523,35.957628,139.635229,1981027444,3
35.95764_139.64284,35.957638,139.642835,11681052421,3
35.95764_139.65722,35.957641,139.657217,cluster_1346747296_6109443516,6
35.95766_139.63371,35.957659,139.633708,1369827458,3
35.95767_139.62947,35.957666,139.629471,4784884050,3
35.95767_139.63533,35.957667,139.635335,1981027447,3
35.95768_139.64269,35.95768,139.642686,cluster_11681052415_11681052418,4
35.95769_139.63672,35.957691,139.636717,1981027449,3
35.95769_139.65167,35.95769,139.651671,5308070538,3
35.95771_139.63303,35.957709,139.633034,1981027452,3
35.95771_139.63951,35.95771,139.639514,9904163217,3
35.95772_139.64716,35.957724,139.647158,1116474618,3
35.95772_139.65062,35.957721,139.650619,1116473982,3
35.95774_139.63239,35.957744,139.632386,10580775093,3
35.95775_139.64507,35.957747,139.645072,11845918592,3
35.95775_139.64746,35.957754,139.647461,11511107013,3
35.95776_139.63380,35.957763,139.633801,cluster_1981027453_4784883915,4
35.95776_139.65252,35.957761,139.65252,7198236137,4
35.95777_139.64237,35.95777,139.642366,11681052423,3
35.95777_139.64683,35.957772,139.646833,cluster_1369827486_8282334880,4
35.95780_139.64663,35.957804,139.646628,2140107986,3
35.95780_139.65130,35.957801,139.651298,5308070537,3
35.95781_139.63572,35.957812,139.635715,cluster_1369827479_1981027454,5
35.95781_139.65446,35.957812,139.654455,1346747140,3
35.95783_139.65283,35.957827,139.652835,1346793121,3
35.95784_139.64100,35.957836,139.641004,9904163222,3
35.95784_139.64213,35.957845,139.642128,1369827495,4
35.95785_139.64631,35.957845,139.646313,2140107989,3
35.95786_139.64805,35.957863,139.648053,12085089826,3
35.95789_139.62932,35.957885,139.629321,4784884063,3
35.95789_139.63281,35.957891,139.632809,cluster_1981027456_4784884041,4
35.95789_139.64602,35.957893,139.64602,2140107992,3
35.95791_139.63657,35.957905,139.636567,cluster_10774790726_10774790729,4
35.95792_139.64582,35.957924,139.645821,cluster_1369827503_7197799647,4
35.95792_139.65575,35.957916,139.655752,1346746086,4
35.95793_139.64843,35.957931,139.648425,7197787781,3
35.95794_139.63014,35.95794,139.630142,4784884049,3
35.95795_139.62846,35.957952,139.628458,4784883833,3
35.95795_139.63962,35.957952,139.639623,cluster_1981027458_9904163224,4
35.95797_139.64861,35.957965,139.648605,cluster_11511106775_7197787767,4
35.95798_139.64519,35.957975,139.645188,cluster_1369827508_1369827536,4
35.95798_139.65382,35.957983,139.653822,1346792496,3
35.95799_139.65020,35.957994,139.650197,1346777915,4
35.95800_139.62958,35.958001,139.629582,6209738104,3
35.95801_139.64886,35.958011,139.648864,1369827520,3
35.95802_139.63917,35.958022,139.639166,1981027466,3
35.95805_139.63043,35.958052,139.630431,4784884039,3
35.95806_139.64902,35.958055,139.649021,5441884207,3
35.95808_139.65333,35.958079,139.653326,1346792309,4
35.95813_139.63641,35.958126,139.636413,1369827523,3
35.95813_139.65256,35.958128,139.652558,cluster_5308070536_7198236135,4
35.95814_139.65299,35.958142,139.652995,1346792963,3
35.95815_139.62994,35.958146,139.629938,6209738102,3
35.95815_139.63068,35.95815,139.630683,4784884036,3
35.95815_139.65196,35.958146,139.65196,cluster_1346792406_1346793174,4
35.95818_139.64535,35.958176,139.64535,11655253882,3
35.95819_139.63584,35.958189,139.635837,10580775080,3
35.95819_139.64820,35.958186,139.648203,7197787783,3
35.95819_139.64956,35.958186,139.649559,cluster_1116474339_1369827542,4
35.95820_139.62899,35.958195,139.628988,3279712400,3
35.95820_139.64254,35.958196,139.642537,4253779935,3
35.95821_139.65590,35.958214,139.655897,1468756587,3
35.95822_139.65148,35.95822,139.651483,1346792760,4
35.95825_139.63504,35.958247,139.635041,1981027470,4
35.95825_139.65450,35.958254,139.654501,1346746352,3
35.95827_139.65384,35.958274,139.653842,1346793253,3
35.95828_139.64703,35.958275,139.647026,7197799643,3
35.95829_139.63432,35.958286,139.634323,1369827549,4
35.95829_139.65594,35.95829,139.655939,1346746502,3
35.95831_139.63109,35.958307,139.631088,10599912709,3
35.95832_139.63366,35.958322,139.633658,1981027476,3
35.95834_139.63468,35.958342,139.634677,1981027473,3
35.95836_139.63220,35.958362,139.632197,10580775097,3
35.95836_139.63694,35.958362,139.636936,1369827547,4
35.95836_139.65337,35.958355,139.653368,1346793058,3
35.95836_139.65806,35.958355,139.658063,3496671381,4
35.95837_139.64794,35.958371,139.647937,7197799588,3
35.95838_139.64328,35.958379,139.643282,11662437425,3
35.95838_139.65090,35.958384,139.650898,1346792709,4
35.95839_139.64884,35.95839,139.648839,5441884202,3
35.95840_139.63704,35.958395,139.63704,1369827568,3
35.95840_139.64598,35.958403,139.645976,1369827563,4
35.95841_139.63974,35.958408,139.639735,1369827570,3
35.95841_139.64031,35.958409,139.640307,1369827561,3
35.95841_139.64398,35.95841,139.643982,1981027479,3
35.95847_139.63495,35.958468,139.634953,cluster_1981027480_1981027484,4
35.95848_139.64269,35.95848,139.64269,4253779937,3
35.95851_139.62858,35.958513,139.628579,11768989806,3
35.95852_139.64746,35.95852,139.647457,1369827581,3
35.95852_139.65258,35.958515,139.652581,1346793099,3
35.95853_139.65540,35.958533,139.6554,13441878617,3
35.95854_139.65039,35.958543,139.650387,1346792318,3
35.95854_139.65761,35.958541,139.657608,1346746436,4
35.95855_139.64569,35.958553,139.645688,1369827559,4
35.95856_139.62877,35.95856,139.62877,243996772,6
35.95856_139.63102,35.958561,139.631016,10580775099,3
35.95856_139.64330,35.958563,139.643299,11661864988,4
35.95858_139.63677,35.958575,139.636774,10774790732,3
35.95859_139.63182,35.958589,139.631818,10580775095,3
35.95859_139.63753,35.958593,139.637533,10774842318,3
35.95861_139.63514,35.958607,139.635137,10580775079,3
35.95862_139.63433,35.958624,139.634333,1981027488,3
35.95862_139.65826,35.958621,139.658263,4783289284,3
35.95863_139.63193,35.958633,139.63193,4784884058,4
35.95865_139.65614,35.958651,139.656139,1346746421,4
35.95866_139.63792,35.958662,139.637919,1369827626,3
35.95866_139.63847,35.958664,139.638474,7503069430,4
35.95868_139.63863,35.958685,139.638626,4253769533,4
35.95868_139.64412,35.958677,139.644117,cluster_11651183191_12642148398,4
35.95868_139.65341,35.958684,139.653411,1467732204,3
35.95869_139.63670,35.958689,139.636701,1981027493,3
35.95871_139.63885,35.95871,139.638855,4253769534,3
35.95872_139.63466,35.958717,139.63466,1981027492,3
35.95874_139.63141,35.95874,139.631409,4784884104,3
35.95875_139.64335,35.958747,139.643347,11581252595,3
35.95876_139.63973,35.958759,139.639732,1104296240,3
35.95878_139.64582,35.958779,139.645822,11651182936,3
35.95879_139.64872,35.958789,139.648717,cluster_1369827606_1369827628,4
35.95879_139.65712,35.958793,139.657125,1346746528,4
35.95881_139.64419,35.958815,139.644188,1981027499,3
35.95883_139.64253,35.95883,139.642528,cluster_1981027500_4253779939,4
35.95885_139.64769,35.958846,139.647687,1369827615,3
35.95888_139.63658,35.958876,139.636579,1981027505,3
35.95888_139.64216,35.958877,139.642158,1981027502,4
35.95888_139.65206,35.958881,139.652061,5293019156,3
35.95889_139.64438,35.958889,139.644384,1981027504,3
35.95891_139.63176,35.958911,139.631758,4784884059,3
35.95892_139.64192,35.958917,139.641917,12543308687,3
35.95893_139.65284,35.95893,139.652837,1346792835,3
35.95894_139.64440,35.958936,139.644403,11625921602,3
35.95896_139.63971,35.958957,139.639708,1104296144,3
35.95896_139.64015,35.958961,139.640147,11745724981,3
35.95896_139.64031,35.958958,139.640314,11745724983,3
35.95896_139.64831,35.958962,139.648312,11493042513,3
35.95896_139.65170,35.958959,139.651697,cluster_1346792781_5293019146,4
35.95898_139.66035,35.958981,139.660346,3497023961,3
35.95900_139.62842,35.959001,139.628424,11915649508,3
35.95901_139.63654,35.95901,139.636539,10774790730,3
35.95901_139.63685,35.959012,139.636848,10774842319,3
35.95901_139.64330,35.959013,139.643303,12500904634,3
35.95902_139.65729,35.959017,139.657289,7141535828,3
35.95903_139.65431,35.959033,139.65431,13441878634,3
35.95905_139.64396,35.95905,139.643963,11625921603,3
35.95907_139.65118,35.959067,139.651182,1346792462,4
35.95907_139.65638,35.959069,139.656376,1346747350,4
35.95908_139.64446,35.959077,139.644462,11625921601,3
35.95909_139.64142,35.959087,139.641416,cluster_1116474257_13130332670,4
35.95912_139.63789,35.959119,139.63789,1369827723,3
35.95912_139.64780,35.959123,139.6478,1369827676,3
35.95913_139.63431,35.959134,139.634314,1369827657,3
35.95914_139.64902,35.959141,139.649025,7197787773,3
35.95914_139.65295,35.959141,139.652954,1346793233,3
35.95915_139.63319,35.959147,139.633192,4784884047,3
35.95915_139.64581,35.959153,139.64581,7197799604,3
35.95915_139.66007,35.959145,139.660072,3496671383,3
35.95917_139.63108,35.959168,139.631085,4784884106,3
35.95918_139.65055,35.959183,139.650554,cluster_1346793114_5293019148,4
35.95919_139.65389,35.959187,139.653893,cluster_243467172_243467174,6
35.95919_139.65589,35.959186,139.655887,4763620329,3
35.95920_139.64452,35.959198,139.64452,11625921604,3
35.95922_139.63681,35.959223,139.636814,10774842326,3
35.95923_139.63472,35.959227,139.634724,12504017044,3
35.95924_139.63633,35.959241,139.636333,10774790735,3
35.95924_139.65991,35.959241,139.659913,1346746429,4
35.95926_139.65216,35.959264,139.652161,5293019154,3
35.95927_139.65536,35.959275,139.655363,1346746145,4
35.95928_139.65748,35.959284,139.657485,3498315219,3
35.95928_139.65875,35.959284,139.65875,3523777951,3
35.95929_139.64630,35.959289,139.646301,1369827702,3
35.95929_139.65002,35.959292,139.650021,1346793214,3
35.95930_139.65194,35.959303,139.651943,11964939952,3
35.95930_139.65258,35.959301,139.652582,1346792376,3
35.95931_139.64364,35.95931,139.64364,1981027513,3
35.95933_139.63931,35.959326,139.639311,1981027514,3
35.95933_139.64091,35.959331,139.640911,11745724985,3
35.95934_139.63093,35.959338,139.630928,cluster_11734276478_4784884107,4
35.95934_139.65171,35.959345,139.651714,5293019153,4
35.95939_139.64330,35.959391,139.643301,1981027516,4
35.95939_139.64539,35.959389,139.645385,1369827719,3
35.95940_139.63964,35.959398,139.639641,cluster_1116474076_12599758216_1981027515,4
35.95940_139.64289,35.959399,139.64289,1981027518,3
35.95941_139.64255,35.95941,139.642555,1981027519,3
35.95943_139.63536,35.959426,139.635364,cluster_10580775074_12500919613,3
35.95943_139.65130,35.959428,139.651296,5293019157,3
35.95944_139.63424,35.959438,139.63424,1369827706,3
35.95944_139.65658,35.95944,139.656583,3498315218,3
35.95946_139.63715,35.959458,139.63715,1981027523,3
35.95946_139.63751,35.95946,139.637508,4253769538,3
35.95947_139.63673,35.959472,139.636733,1981027524,3
35.95947_139.64499,35.95947,139.644989,1981027525,3
35.95948_139.65336,35.959477,139.653362,1346792635,3
35.95951_139.63777,35.959514,139.63777,1369827731,3
35.95952_139.64018,35.959524,139.64018,12067868271,3
35.95953_139.65062,35.959532,139.650619,5293019150,3
35.95953_139.65340,35.959528,139.653397,6109452281,3
35.95953_139.65768,35.959534,139.657675,3498315217,3
35.95954_139.65895,35.95954,139.658948,3496671382,3
35.95955_139.63444,35.959551,139.634437,12503992308,3
35.95955_139.64630,35.959553,139.646297,11535329876,3
35.95957_139.63186,35.95957,139.631865,11734276481,3
35.95957_139.65826,35.959571,139.658263,1346746214,4
35.95958_139.64154,35.959576,139.641544,9904162180,3
35.95958_139.64462,35.959576,139.644623,cluster_1981027530_1981027531,4
35.95959_139.63067,35.959588,139.630668,4784884065,4
35.95960_139.64549,35.959604,139.645485,7197799608,3
35.95961_139.64212,35.959612,139.642118,cluster_11563399872_1981027532,4
35.95963_139.65212,35.959634,139.652115,5308070534,3
35.95965_139.63591,35.959651,139.635909,cluster_10774842330_6150849572,4
35.95967_139.65126,35.959673,139.651265,12560715517,3
35.95969_139.63836,35.959689,139.638363,5215699146,3
35.95970_139.63852,35.959701,139.638518,12534574969,3
35.95971_139.64762,35.959713,139.647624,5441884192,3
35.95973_139.63407,35.959734,139.63407,12503992303,3
35.95973_139.63665,35.95973,139.636647,cluster_10774842324_10774842328_1981027536,5
35.95973_139.63884,35.959732,139.638842,12534574971,3
35.95974_139.64340,35.959743,139.6434,1981027541,3
35.95976_139.63916,35.959763,139.639155,11745790127,3
35.95977_139.64583,35.959771,139.645835,7197799606,4
35.95978_139.64557,35.959777,139.645568,1369827777,3
35.95979_139.64627,35.95979,139.646267,1369827757,3
35.95980_139.63958,35.959797,139.639576,cluster_5215699148_9904162182,4
35.95980_139.65787,35.959803,139.657874,1346747220,3
35.95982_139.65849,35.959819,139.658487,1346746678,4
35.95984_139.62842,35.959838,139.628423,cluster_4784884229_4784884257,4
35.95984_139.65191,35.959841,139.651912,12560715526,3
35.95985_139.63478,35.959855,139.634775,12500919609,4
35.95985_139.65659,35.959855,139.656585,cluster_3498315220_7141535830,4
35.95986_139.64158,35.959865,139.641579,9904162178,3
35.95986_139.64381,35.959861,139.643814,1981027548,3
35.95987_139.64473,35.959875,139.644733,1981027551,3
35.95988_139.65392,35.959882,139.653919,cluster_1346792304_3498275499,4
35.95988_139.65589,35.959881,139.655891,7141535829,3
35.95991_139.64519,35.959913,139.645188,1981027555,3
35.95991_139.65176,35.959914,139.651759,12560715522,3
35.95993_139.63042,35.959932,139.630418,4784884100,3
35.95994_139.62868,35.959935,139.628678,4784884223,3
35.95994_139.62925,35.959944,139.629249,10786058614,3
35.95994_139.62938,35.959943,139.629376,11730309815,3
35.95994_139.62959,35.959941,139.629594,4784883548,3
35.95994_139.62973,35.959939,139.629731,11765144102,3
35.95995_139.62887,35.959949,139.628872,4784884254,3
35.95996_139.64348,35.959957,139.643475,1981027553,3
35.95997_139.63395,35.959969,139.633949,cluster_12503992301_4253773165,4
35.95998_139.64215,35.959977,139.642152,1981027556,3
35.95998_139.65161,35.959983,139.651614,12560715520,3
35.95999_139.64989,35.959993,139.649887,1346792480,3
35.96000_139.65864,35.960001,139.658639,1346746293,4
35.96002_139.65685,35.960023,139.65685,3498315225,3
35.96003_139.63877,35.960029,139.638767,10774842349,3
35.96004_139.63091,35.960037,139.63091,4784884099,3
35.96005_139.63016,35.960046,139.630158,11730309830,3
35.96005_139.65422,35.96005,139.654216,10761970763,3
35.96006_139.63038,35.960062,139.630376,cluster_11781996597_4784884251,4
35.96006_139.63500,35.960057,139.634999,11814478756,4
35.96007_139.63780,35.96007,139.637795,10774842345,3
35.96009_139.63953,35.960095,139.639527,9904162198,4
35.96010_139.64494,35.960099,139.644937,cluster_1369827816_7197799609,4
35.96013_139.63139,35.960126,139.631386,cluster_10599898050_10599964369,4
35.96015_139.65131,35.960153,139.651308,cluster_12560715529_12560715532,4
35.96015_139.65451,35.960149,139.654513,1346746456,3
35.96016_139.64161,35.960163,139.641613,1116473945,3
35.96016_139.64393,35.960164,139.643931,1981027564,3
35.96017_139.63376,35.960169,139.633763,12503693499,3
35.96017_139.65495,35.960173,139.654948,1346746987,3
35.96018_139.63676,35.960179,139.636756,cluster_10774842332_1369827824,4
35.96018_139.65658,35.960175,139.656584,3498315215,3
35.96019_139.64354,35.960195,139.643543,cluster_11572998179_529143719,4
35.96019_139.65547,35.960186,139.65547,1346746335,3
35.96019_139.65589,35.960186,139.655892,1346746600,4
35.96023_139.63185,35.96023,139.631849,cluster_4784884091_4784884097,4
35.96023_139.65154,35.960231,139.651535,12560715528,3
35.96024_139.63644,35.960239,139.636441,10774842335,3
35.96026_139.64775,35.960257,139.647749,1369827820,3
35.96028_139.65707,35.960285,139.657073,3498315223,4
35.96033_139.63872,35.960328,139.63872,10774842347,4
35.96034_139.65131,35.960335,139.651308,12560715530,3
35.96037_139.63559,35.960374,139.635592,cluster_1981027576_4253773161,3
35.96038_139.62999,35.960383,139.629986,11730309828,3
35.96038_139.63948,35.960383,139.639477,cluster_10774842350_1104296232,4
35.96039_139.64403,35.960391,139.644025,1981027578,3
35.96039_139.64468,35.960391,139.644683,1369827840,3
35.96040_139.63256,35.960401,139.632562,12503945465,3
35.96042_139.63622,35.960418,139.636225,10774842336,3
35.96044_139.63285,35.960444,139.632853,2140108019,3
35.96045_139.64165,35.960447,139.641646,9904162174,3
35.96045_139.65395,35.960454,139.653947,1346746176,3
35.96045_139.65905,35.960454,139.659053,cluster_13441878081_13441878225,4
35.96046_139.65420,35.960457,139.654199,10761970762,3
35.96047_139.65451,35.960471,139.654508,cluster_1346746780_7198236116,4
35.96048_139.63676,35.960479,139.636756,1369827863,3
35.96048_139.64221,35.960476,139.642208,1981027585,3
35.96049_139.64641,35.960494,139.646415,1116474727,3
35.96050_139.63361,35.960502,139.633611,1369827845,3
35.96050_139.65588,35.960498,139.655882,1346746855,4
35.96051_139.64431,35.960505,139.644314,1981027589,3
35.96052_139.64250,35.960515,139.6425,1981027587,3
35.96052_139.66164,35.96052,139.661644,1346746213,3
35.96053_139.64265,35.960528,139.642648,11572997915,3
35.96053_139.64358,35.960535,139.643577,cluster_1981027586_1981027592,4
35.96053_139.64497,35.960527,139.644965,7197799623,3
35.96053_139.65729,35.960534,139.657293,1346746264,4
35.96055_139.64285,35.960546,139.642849,1981027590,3
35.96055_139.64537,35.960547,139.645367,7197799611,3
35.96056_139.62860,35.960561,139.628597,cluster_4784884221_4784884233,4
35.96057_139.64308,35.960569,139.643082,cluster_11552890674_11572998292,4
35.96057_139.64406,35.960572,139.644063,cluster_1369827864_7197799626,4
35.96061_139.63765,35.960607,139.637655,1369827856,3
35.96064_139.63943,35.960645,139.639431,9904162194,3
35.96064_139.64657,35.960637,139.646571,1369827874,4
35.96065_139.63355,35.960652,139.63355,2140108020,3
35.96066_139.62906,35.960656,139.629061,11781983329,3
35.96069_139.63676,35.960694,139.636764,cluster_10774842338_1981027601,4
35.96070_139.64228,35.960702,139.642284,1981027602,3
35.96071_139.64359,35.960709,139.643588,1369827877,3
35.96071_139.65745,35.960705,139.657451,1346792438,3
35.96073_139.64168,35.960734,139.64168,9904162172,3
35.96075_139.63762,35.960753,139.637625,1369827862,3
35.96076_139.63416,35.960763,139.634155,11814073260,3
35.96079_139.65450,35.960789,139.654497,1346747078,3
35.96079_139.65587,35.960794,139.655872,1346746790,4
35.96081_139.65004,35.960811,139.650044,3498333349,3
35.96082_139.63349,35.960825,139.633494,cluster_1369827884_1369827902,4
35.96082_139.64416,35.960824,139.644164,7197799624,3
35.96083_139.65678,35.960832,139.656777,1346746496,3
35.96084_139.63065,35.960845,139.63065,4784884088,3
35.96085_139.65721,35.960849,139.657208,1346792863,3
35.96086_139.64500,35.960861,139.645,1981027611,3
35.96087_139.63036,35.960871,139.630362,4784884074,3
35.96090_139.63010,35.960897,139.630102,4784884114,3
35.96090_139.63431,35.960898,139.634314,10607862616,3
35.96090_139.63679,35.960895,139.636793,10774842341,3
35.96091_139.63449,35.960913,139.634492,11814073256,3
35.96091_139.65006,35.960907,139.650058,3498333348,3
35.96093_139.63938,35.96093,139.63938,1104296228,3
35.96098_139.62997,35.960976,139.629967,4784884079,3
35.96101_139.64360,35.961011,139.643604,cluster_12079889000_7197799625,4
35.96102_139.62989,35.961021,139.629891,11730309817,3
35.96102_139.63081,35.961017,139.630809,4784884080,3
35.96102_139.63343,35.961019,139.633428,7197915262,3
35.96103_139.63563,35.961027,139.635628,cluster_1369827925_2140108032,4
35.96103_139.64171,35.961027,139.641709,9904162170,3
35.96105_139.65959,35.961047,139.659594,13441877991,3
35.96107_139.64487,35.961075,139.644868,1981027620,3
35.96108_139.62978,35.961084,139.629783,4784884118,3
35.96110_139.65587,35.961102,139.655867,1346746343,4
35.96111_139.63936,35.961112,139.639358,1104296224,3
35.96112_139.64279,35.961121,139.642795,1981027621,3
35.96113_139.63106,35.961135,139.631064,cluster_4784884085_4784884093,4
35.96114_139.64469,35.961138,139.644694,1981027622,3
35.96117_139.65971,35.961173,139.659708,1346746688,4
35.96120_139.63031,35.961204,139.630314,11781993968,3
35.96121_139.64448,35.961213,139.644478,cluster_11517829347_11552890423,4
35.96124_139.64910,35.961244,139.649102,3498333350,3
35.96124_139.65746,35.961244,139.657465,13441877980,3
35.96125_139.63936,35.961249,139.639357,cluster_1369827939_9904162191,4
35.96125_139.65789,35.961252,139.65789,13441877981,3
35.96126_139.63098,35.961262,139.630977,4784884072,3
35.96126_139.64361,35.961264,139.643613,1981027628,3
35.96126_139.65882,35.961257,139.658823,13441877985,3
35.96128_139.64925,35.96128,139.649251,3498333351,3
35.96130_139.65398,35.961304,139.653981,1104552781,3
35.96131_139.63681,35.961307,139.636809,1369827953,4
35.96131_139.64174,35.961308,139.641741,9904162168,3
35.96132_139.63181,35.961319,139.631811,2140108036,3
35.96132_139.65586,35.961325,139.655862,1346792680,3
35.96133_139.64274,35.961328,139.642739,1981027631,4
35.96133_139.64891,35.961331,139.648914,3498333352,3
35.96135_139.62875,35.961352,139.628751,8441508240,3
35.96135_139.64295,35.961347,139.642953,1981027633,3
35.96136_139.64408,35.961355,139.644076,7197799640,3
35.96137_139.65747,35.961372,139.65747,1346746169,3
35.96137_139.65789,35.961373,139.657887,13441877993,3
35.96137_139.65884,35.961369,139.658836,13441877987,3
35.96139_139.63559,35.961388,139.635588,cluster_1369827973_2140108038,4
35.96142_139.63851,35.961416,139.638508,5215699157,3
35.96142_139.64326,35.961418,139.643261,1981027635,3
35.96144_139.64890,35.961441,139.648903,3498333353,3
35.96146_139.63762,35.961461,139.637624,1369827985,4
35.96146_139.64364,35.961456,139.643644,cluster_1981027636_529143718,5
35.96148_139.62844,35.961483,139.628441,11730499162,3
35.96148_139.63306,35.961479,139.633055,2140108045,3
35.96149_139.63782,35.961494,139.637821,1369827987,4
35.96151_139.63797,35.961515,139.637975,5215684814,4
35.96154_139.63945,35.961538,139.639454,1116474179,3
35.96157_139.63459,35.961567,139.634588,6150849584,3
35.96158_139.62926,35.961575,139.629256,6209731781,3
35.96159_139.63336,35.961587,139.633364,cluster_1369827991_2140108048,4
35.96160_139.64177,35.961603,139.64177,9904162166,3
35.96162_139.63159,35.961625,139.631592,cluster_11745724655_7197915272,4
35.96162_139.63510,35.961624,139.635095,2140108046,3
35.96166_139.63555,35.961659,139.635548,2140108047,3
35.96166_139.63662,35.96166,139.636618,11814073261,3
35.96167_139.63226,35.961667,139.632263,7197915271,3
35.96168_139.62948,35.961679,139.629475,1369828020,3
35.96170_139.64814,35.961703,139.648136,1369828013,3
35.96173_139.62879,35.961733,139.628786,11730499167,3
35.96173_139.63426,35.961734,139.634264,2140108050,3
35.96174_139.64269,35.961741,139.642686,1981027651,3
35.96176_139.63796,35.961758,139.637961,1116474401,4
35.96178_139.63959,35.961785,139.639585,cluster_5215689925_9904162189,4
35.96179_139.63777,35.961786,139.637766,cluster_12555973021_7503067280,5
35.96182_139.63504,35.961822,139.635037,2140108053,3
35.96182_139.63752,35.961822,139.637519,1369828054,4
35.96182_139.64328,35.961817,139.643277,1981027656,3
35.96184_139.63655,35.96184,139.636546,1369828022,3
35.96185_139.63734,35.961848,139.637343,2140108058,3
35.96185_139.64295,35.961845,139.642951,11539224102,3
35.96188_139.65400,35.961875,139.654003,1346793257,4
35.96189_139.64180,35.961887,139.641805,1116474689,3
35.96190_139.63701,35.961895,139.637008,2140108068,3
35.96190_139.64456,35.961897,139.644555,cluster_11529416188_11529416191,4
35.96192_139.63860,35.961919,139.638603,10774842353,3
35.96194_139.63424,35.961942,139.634237,cluster_12503927840_2140108073,4
35.96195_139.63250,35.961945,139.632497,cluster_7197915207_7197915270,4
35.96195_139.64314,35.961951,139.643144,cluster_12500934715_1981027661,4
35.96196_139.63267,35.961964,139.632671,6209774303,3
35.96196_139.63835,35.961964,139.638352,7503067283,3
35.96197_139.63275,35.96197,139.632746,7197915268,3
35.96197_139.63334,35.961968,139.633338,cluster_1369828026_2140108074,4
35.96197_139.63665,35.96197,139.636648,cluster_1369828087_2140108070,4
35.96197_139.64250,35.961973,139.642497,1981027664,3
35.96200_139.63302,35.961997,139.633018,2140108072,3
35.96202_139.62924,35.962015,139.629238,cluster_1369828085_1468676185_1468676188_1468676194_#1more,7
35.96202_139.63805,35.962024,139.638046,5215689924,3
35.96210_139.63050,35.962099,139.630505,1468676192,3
35.96210_139.64491,35.962103,139.64491,7197799632,3
35.96212_139.63975,35.962116,139.639754,1104296220,3
35.96213_139.62992,35.962131,139.629921,246086946,3
35.96214_139.64294,35.96214,139.642937,1981027673,3
35.96215_139.63440,35.96215,139.634403,12500919725,3
35.96218_139.64183,35.962183,139.641833,8464297662,4
35.96220_139.63466,35.962195,139.634661,2140108083,3
35.96223_139.63765,35.962233,139.637651,6150849581,3
35.96223_139.63784,35.962228,139.637835,12555973017,3
35.96224_139.63260,35.96224,139.6326,6209774306,3
35.96225_139.62970,35.962246,139.629704,1468676202,3
35.96225_139.63490,35.962254,139.634898,2140108086,3
35.96225_139.64699,35.962251,139.646987,1369828125,4
35.96226_139.63333,35.962259,139.633332,1369828091,3
35.96226_139.63732,35.96226,139.637315,2140108085,3
35.96228_139.64376,35.962276,139.643765,cluster_11746996000_1981027676,4
35.96229_139.62941,35.962286,139.62941,1369828164,3
35.96231_139.63039,35.962311,139.63039,1369828176,3
35.96231_139.64703,35.962315,139.64703,3498333354,3
35.96232_139.63515,35.962319,139.635145,2140108089,3
35.96234_139.64288,35.962344,139.642877,11532744143,3
35.96237_139.63543,35.962369,139.635434,cluster_12500384307_2140108091,4
35.96241_139.64701,35.962407,139.647009,5441883965,3
35.96242_139.62965,35.96242,139.629648,1468676215,3
35.96242_139.63991,35.962423,139.639914,5215699159,3
35.96244_139.64299,35.96244,139.64299,11532744142,3
35.96247_139.63252,35.962467,139.63252,6209774305,3
35.96247_139.63338,35.962474,139.633377,6209774304,3
35.96248_139.64703,35.962483,139.647032,1369828263,3
35.96258_139.64384,35.962577,139.643836,cluster_11529416196_1981027690,4
35.96259_139.65403,35.962589,139.654033,9350090958,3
35.96261_139.63248,35.962611,139.63248,7197915203,3
35.96262_139.63758,35.962617,139.637584,6150849577,3
35.96265_139.63244,35.962648,139.632444,6209774302,3
35.96273_139.64001,35.962733,139.640007,cluster_1104296221_12069201852_12069208831_12069213279,5
35.96273_139.64171,35.962727,139.641712,9904042414,3
35.96279_139.63753,35.962789,139.63753,7197915202,3
35.96282_139.64389,35.96282,139.643887,11529416194,3
35.96283_139.63351,35.962834,139.633513,1369828254,3
35.96284_139.63388,35.962842,139.633884,1468676229,3
35.96286_139.63234,35.962864,139.632337,1369828293,3
35.96286_139.64258,35.962856,139.642584,11532743945,3
35.96292_139.63509,35.962923,139.635089,12500384290,3
35.96294_139.63535,35.962936,139.63535,1369828286,3
35.96296_139.63744,35.962962,139.63744,cluster_10774842357_2140108113,4
35.96297_139.63642,35.962974,139.636423,2140108114,4
35.96298_139.63692,35.962982,139.636917,2140108111,3
35.96298_139.63720,35.962982,139.637195,2140108112,3
35.96299_139.63258,35.962991,139.632585,cluster_12500919711_1369828304_6209761625_6209761636,4
35.96299_139.64023,35.962993,139.640227,1104296209,3
35.96299_139.64161,35.962988,139.641613,9904046358,3
35.96304_139.63008,35.963038,139.630083,cluster_1369828336_4784884271,5
35.96305_139.63195,35.963052,139.631949,1369828305,3
35.96305_139.64018,35.963047,139.640181,11745790128,3
35.96306_139.63971,35.963064,139.639715,12069208838,3
35.96312_139.63324,35.963122,139.633243,7197915244,3
35.96312_139.64008,35.963125,139.640078,11745790131,3
35.96316_139.63971,35.963163,139.639706,12069208844,3
35.96319_139.63354,35.963185,139.633535,7197915222,3
35.96322_139.63454,35.963217,139.634543,1468676243,3
35.96323_139.63115,35.963235,139.631152,1369828350,3
35.96324_139.63598,35.963243,139.635977,2140108127,3
35.96326_139.63743,35.96326,139.637429,cluster_2140108128_7503067275,4
35.96328_139.63986,35.963278,139.63986,cluster_12069208845_5215699175,3
35.96330_139.63452,35.9633,139.634518,1468676245,3
35.96332_139.64148,35.963318,139.641481,cluster_1369828366_1369828393,4
35.96333_139.64439,35.963332,139.644394,cluster_1369828423_5441884173,5
35.96335_139.63645,35.963346,139.636455,1369828354,3
35.96346_139.63647,35.963458,139.636468,1369828448,3
35.96346_139.64491,35.963464,139.644909,cluster_1369828509_529143715_7141470041,4
35.96349_139.62900,35.96349,139.628998,11730558972,3
35.96354_139.63946,35.96354,139.639461,5215699163,3
35.96357_139.63161,35.963574,139.631611,11814453065,3
35.96363_139.63043,35.96363,139.63043,11766370133,3
35.96364_139.63302,35.963636,139.633023,7197915243,3
35.96365_139.66085,35.963646,139.66085,7198411333,3
35.96369_139.62899,35.963688,139.628989,2140108135,3
35.96370_139.63650,35.963697,139.636497,cluster_1116474416_1369828601,6
35.96374_139.64100,35.963739,139.641004,12396087492,3
35.96377_139.63758,35.963771,139.637585,1369828646,3
35.96378_139.63913,35.963778,139.639131,1116474376,3
35.96384_139.63061,35.963836,139.630611,cluster_1369828725_3817348677,4
35.96384_139.63145,35.963843,139.631445,11017371990,3
35.96385_139.62957,35.963849,139.629572,1369828696,3
35.96385_139.63652,35.963849,139.636524,6209761635,3
35.96386_139.65407,35.963857,139.654074,4763619192,3
35.96387_139.63353,35.963868,139.633527,cluster_7197915239_7197915240,4
35.96391_139.63213,35.963913,139.63213,11814453067,3
35.96392_139.64075,35.963921,139.640746,cluster_1369828563_5215699167,3
35.96393_139.63838,35.963929,139.63838,7503067247,3
35.96395_139.63858,35.963949,139.638576,1116474247,3
35.96396_139.63888,35.963961,139.638879,1116474425,3
35.96396_139.63914,35.963962,139.639143,1116474483,3
35.96397_139.63990,35.963965,139.639899,5215699164,3
35.96399_139.63654,35.963992,139.636541,6209745586,3
35.96399_139.65119,35.963993,139.651189,1119971925,3
35.96402_139.62883,35.964024,139.62883,cluster_11017389008_2140108151,4
35.96406_139.63338,35.964061,139.633378,7197915216,3
35.96408_139.63534,35.964079,139.635339,7197915235,3
35.96409_139.63240,35.964087,139.632397,11814453059,3
35.96412_139.63187,35.964122,139.631871,11017371987,3
35.96413_139.63787,35.964132,139.637873,11736127064,3
35.96414_139.63655,35.964142,139.636551,1369828753,3
35.96417_139.62968,35.964173,139.629678,11017389007,3
35.96417_139.63844,35.964172,139.63844,1116474242,3
35.96418_139.63332,35.964181,139.633324,7197915218,3
35.96419_139.63434,35.964187,139.634337,cluster_7197915214_7197915238,4
35.96421_139.63878,35.964206,139.638784,1116474515,3
35.96422_139.63260,35.964219,139.632599,11814453061,3
35.96430_139.63657,35.964305,139.636573,12599758362,3
35.96432_139.62874,35.964324,139.628743,11017389005,3
35.96434_139.63279,35.964345,139.63279,12500919709,3
35.96441_139.63231,35.964407,139.632313,11017371982,3
35.96444_139.62962,35.96444,139.629622,11017389006,3
35.96454_139.63013,35.964537,139.630132,11017354562,3
35.96456_139.65272,35.964559,139.652722,1119971911,3
35.96459_139.63316,35.96459,139.633164,1369829022,3
35.96462_139.62877,35.964618,139.628769,cluster_11175224786_1369828974,4
35.96462_139.65150,35.964624,139.651504,4757894482,3
35.96468_139.63331,35.964683,139.633309,12500919707,3
35.96469_139.62926,35.964689,139.629256,11175224789,3
35.96474_139.65410,35.964741,139.654102,1119971952,4
35.96483_139.63296,35.964826,139.632961,11017371976,3
35.96484_139.63018,35.964837,139.630182,11017354560,3
35.96488_139.64750,35.964881,139.647502,1119972035,4
35.96489_139.62916,35.964889,139.629164,cluster_11175224788_11175224794,4
35.96492_139.63665,35.964922,139.636654,1116474657,4
35.96494_139.63566,35.964941,139.635662,13088519848,3
35.96495_139.63373,35.964952,139.633732,cluster_1369829128_7197915215,4
35.96497_139.63136,35.964969,139.631362,cluster_1369829181_8441508169,4
35.96500_139.63118,35.965002,139.631182,11766400922,3
35.96501_139.65518,35.965006,139.655183,1341200570,3
35.96502_139.63817,35.965021,139.638167,11736096793,3
35.96505_139.63272,35.965047,139.63272,11017371981,3
35.96508_139.63785,35.965082,139.637848,1116474603,3
35.96511_139.62960,35.965107,139.629595,11175224793,3
35.96512_139.63781,35.965115,139.637805,7503067227,3
35.96514_139.63614,35.965145,139.636136,6209761643,3
35.96520_139.63026,35.965198,139.630256,cluster_11766400928_8441508172,4
35.96521_139.63752,35.965212,139.637525,6209745921,4
35.96524_139.63347,35.965244,139.633465,cluster_11017371970_1369829222,4
35.96532_139.63772,35.965321,139.637721,7503067222,3
35.96533_139.62912,35.965327,139.629116,11175224795,3
35.96535_139.62988,35.965347,139.62988,11175224810,3
35.96538_139.63669,35.965384,139.636688,1116474368,4
35.96549_139.64024,35.965489,139.64024,1116474202,3
35.96555_139.63036,35.965551,139.63036,11766400932,3
35.96555_139.63317,35.965546,139.633165,11017371968,3
35.96560_139.64644,35.9656,139.646444,4757894438,3
35.96563_139.63700,35.965631,139.636997,cluster_1369829282_6209761651,4
35.96564_139.64809,35.96564,139.648093,529143710,4
35.96565_139.63480,35.965646,139.634797,2140108272,3
35.96572_139.63297,35.965723,139.632972,cluster_11017371972_1369829346,4
35.96578_139.63501,35.965781,139.635006,2140108305,3
35.96583_139.63120,35.965827,139.631203,11017376320,3
35.96589_139.63982,35.965889,139.639821,1369829388,3
35.96594_139.66096,35.965943,139.660963,5356835201,3
35.96602_139.63441,35.966019,139.634409,2140108352,3
35.96602_139.63736,35.966016,139.637361,4783300661,3
35.96603_139.63212,35.966034,139.632123,1369829362,3
35.96604_139.63540,35.96604,139.635401,cluster_13088519823_13088519842,4
35.96609_139.63430,35.966095,139.634302,2140108381,3
35.96613_139.63125,35.96613,139.631252,11017376324,4
35.96613_139.63786,35.966134,139.637857,4783300658,3
35.96617_139.63661,35.966166,139.636607,cluster_6209761649_6209761650,4
35.96621_139.62949,35.966208,139.629487,11017376326,3
35.96621_139.66155,35.966211,139.661547,1341200072,3
35.96623_139.64034,35.966229,139.640337,4783300670,3
35.96640_139.63231,35.966397,139.632312,cluster_1116474122_1369829564,6
35.96645_139.63131,35.966453,139.631309,1369829591,3
35.96645_139.65384,35.966448,139.653845,1341208995,3
35.96646_139.63604,35.966458,139.636037,1116474582,4
35.96649_139.63889,35.966494,139.638894,cluster_11741638341_4783300677,4
35.96649_139.63938,35.966489,139.639379,4783300675,3
35.96649_139.63993,35.966493,139.639931,11656343080,3
35.96650_139.62962,35.966499,139.629618,11017376327,4
35.96655_139.63085,35.966546,139.630846,1369829601,3
35.96660_139.63570,35.966601,139.635699,cluster_11815828199_2140108470,4
35.96661_139.63818,35.966607,139.638176,4243834994,3
35.96673_139.63100,35.966727,139.631005,12540866074,4
35.96675_139.64175,35.966748,139.641755,11645843976,3
35.96676_139.64160,35.966758,139.641603,1116473893,3
35.96676_139.64192,35.966757,139.641922,5441884154,3
35.96677_139.63530,35.966771,139.635301,2140108482,3
35.96678_139.63007,35.96678,139.630068,12540866067,3
35.96680_139.63253,35.9668,139.632532,12394078400,3
35.96683_139.63508,35.966833,139.635082,cluster_1116474030_11814461090,5
35.96683_139.63994,35.966831,139.639942,11656343077,3
35.96687_139.62979,35.966868,139.629785,8441508234,3
35.96689_139.63006,35.966887,139.630063,12540866065,3
35.96696_139.63525,35.966958,139.635247,11815828610,3
35.96700_139.63002,35.967003,139.630025,12540866071,3
35.96700_139.63122,35.966996,139.631222,1369829648,3
35.96701_139.63679,35.967006,139.636787,cluster_11815828494_4243830847,4
35.96701_139.64323,35.967012,139.643228,1116474195,3
35.96703_139.62926,35.967032,139.629257,12555979154,3
35.96709_139.63000,35.967086,139.629997,12540866069,3
35.96713_139.63647,35.96713,139.636469,1369829723,3
35.96715_139.63443,35.96715,139.634433,11815828623,3
35.96718_139.63921,35.967176,139.639206,11655338152,3
35.96721_139.63429,35.967211,139.634293,11814461089,3
35.96722_139.63555,35.967216,139.635551,1369829675,3
35.96723_139.62863,35.967228,139.628629,12555979146,3
35.96725_139.62942,35.967254,139.629419,12555979163,3
35.96727_139.62850,35.967268,139.628499,12555979153,3
35.96731_139.63416,35.967306,139.63416,11815828662,3
35.96733_139.63140,35.967331,139.631398,12394078394,3
35.96736_139.62954,35.967364,139.629538,12555979158,3
35.96736_139.63361,35.967359,139.633611,11815828641,3
35.96737_139.63093,35.967367,139.630927,1369829701,3
35.96737_139.64640,35.967373,139.646405,1119971902,3
35.96738_139.63689,35.967381,139.636892,11815828496,3
35.96740_139.63402,35.967401,139.634018,11815828657,3
35.96741_139.63538,35.967414,139.635381,12064757067,3
35.96741_139.63755,35.96741,139.637555,11813700221,3
35.96745_139.62966,35.967454,139.629655,12555979159,3
35.96745_139.63341,35.96745,139.633414,11815828636,3
35.96746_139.63297,35.967459,139.632969,12394099930,3
35.96747_139.63781,35.967472,139.63781,1116474440,3
35.96749_139.63309,35.967486,139.633091,11815828640,3
35.96753_139.63408,35.967533,139.634077,11815828634,3
35.96755_139.63909,35.967553,139.639089,1369829731,4
35.96757_139.63315,35.967573,139.633149,11815828635,3
35.96759_139.62894,35.967593,139.62894,12555979150,3
35.96760_139.65351,35.967604,139.653513,529143555,3
35.96762_139.63953,35.967623,139.639529,11655337952,3
35.96763_139.64026,35.967629,139.640264,4243830841,3
